-- phpMyAdmin SQL Dump
-- version 4.8.5
-- https://www.phpmyadmin.net/
--
-- Hôte : 127.0.0.1:3306
-- Généré le :  mar. 03 mars 2020 à 15:03
-- Version du serveur :  5.7.26
-- Version de PHP :  7.3.5

SET SQL_MODE = "NO_AUTO_VALUE_ON_ZERO";
SET AUTOCOMMIT = 0;
START TRANSACTION;
SET time_zone = "+00:00";


/*!40101 SET @OLD_CHARACTER_SET_CLIENT=@@CHARACTER_SET_CLIENT */;
/*!40101 SET @OLD_CHARACTER_SET_RESULTS=@@CHARACTER_SET_RESULTS */;
/*!40101 SET @OLD_COLLATION_CONNECTION=@@COLLATION_CONNECTION */;
/*!40101 SET NAMES utf8mb4 */;

--
-- Base de données :  `lacaze_aux_sottises`
--

-- --------------------------------------------------------

--
-- Structure de la table `company`
--

DROP TABLE IF EXISTS `company`;
CREATE TABLE IF NOT EXISTS `company` (
  `id` int(11) NOT NULL AUTO_INCREMENT,
  `name` varchar(255) COLLATE utf8mb4_unicode_ci NOT NULL,
  `show_title` varchar(255) COLLATE utf8mb4_unicode_ci DEFAULT NULL,
  `description` longtext COLLATE utf8mb4_unicode_ci,
  `theme` varchar(255) COLLATE utf8mb4_unicode_ci DEFAULT NULL,
  `audience` varchar(255) COLLATE utf8mb4_unicode_ci NOT NULL,
  `duration` int(11) NOT NULL,
  `is_hosted` tinyint(1) NOT NULL,
  `is_hosted_from` date DEFAULT NULL,
  `is_hosted_until` date DEFAULT NULL,
  `website` varchar(255) COLLATE utf8mb4_unicode_ci DEFAULT NULL,
  `video_link` varchar(255) COLLATE utf8mb4_unicode_ci DEFAULT NULL,
  `more_infos` longtext COLLATE utf8mb4_unicode_ci,
  `image_name` varchar(255) COLLATE utf8mb4_unicode_ci DEFAULT NULL,
  `image_original_name` varchar(255) COLLATE utf8mb4_unicode_ci DEFAULT NULL,
  `image_mime_type` varchar(255) COLLATE utf8mb4_unicode_ci DEFAULT NULL,
  `image_size` int(11) DEFAULT NULL,
  `image_dimensions` longtext COLLATE utf8mb4_unicode_ci COMMENT '(DC2Type:simple_array)',
  `updated_at` datetime DEFAULT NULL,
  `image_description` varchar(255) COLLATE utf8mb4_unicode_ci DEFAULT NULL,
  `is_hidden` tinyint(1) NOT NULL,
  PRIMARY KEY (`id`)
) ENGINE=InnoDB AUTO_INCREMENT=147 DEFAULT CHARSET=utf8mb4 COLLATE=utf8mb4_unicode_ci;

--
-- Déchargement des données de la table `company`
--

INSERT INTO `company` (`id`, `name`, `show_title`, `description`, `theme`, `audience`, `duration`, `is_hosted`, `is_hosted_from`, `is_hosted_until`, `website`, `video_link`, `more_infos`, `image_name`, `image_original_name`, `image_mime_type`, `image_size`, `image_dimensions`, `updated_at`, `image_description`, `is_hidden`) VALUES
(86, 'Cie Nanoua', 'Un jour sans pain', '<!DOCTYPE html>\r\n<html>\r\n<head>\r\n</head>\r\n<body>\r\n<p>Une passeuse d’histoires sillonne entre le  présent et le passé, entre les chemins de vie de deux êtres libres : Ozil,  son petit frère de cœur venu de loin, et Claudius, son grand-père. L’histoire de ces deux générations entre en résonance avec l’univers du pain  et la façon dont on nourrit notre regard sur le monde, fait-maison ou fondu dans le moule ? Les matières se libèrent, se partagent, les éclats de rire aussi,  notre humanité s’agite, et dans ce monde qui part en miette, cette femme tente de dessiner demain.</p>\r\n</body>\r\n</html>', 'Théâtre de matières et d’objets sortis du moule', '+ 8ans', 50, 1, '2020-03-16', '2020-03-20', 'http://cie-nanoua.com/', NULL, '<!DOCTYPE html>\r\n<html>\r\n<head>\r\n</head>\r\n<body>\r\n<p>Mention obligatoire : DRAC Nouvelle-Aquitaine, l\'OARA, Espace Jéliote - scène conventionnée Arts de la Marionnette, Communauté de commune du Haut-Béarn, CAPB, Kultura bidean - Service Art, Enfance, Jeunesse, Hameka, Théâtre de Gascogne, Odradek - Centre de création pour le théâtre et la marionnette, Scène nationale Sud Aquitain, Théâtre Le Liburnia, Vélo Théâtre - scène conventionnée théâtre d’objets, Culture Commune, Marionnettissimo, Lacaze aux Sottises, Djarama, Sénégal, Théâtre de cuisine, La Cie est subventionnée  par la Région NouvelleAquitaine, et le Département des Pyrénées-Atlantiques</p>\r\n</body>\r\n</html>', 'web.2.nanoua.c.Sebko- Giorgio Pupella.jpg', 'web.2.nanoua.c.Sebko- Giorgio Pupella.jpg', 'image/jpeg', 263767, '520,516', '2020-03-02 13:45:20', 'performance artistique théatrale', 0),
(101, 'Cie Javier Aranda Teatro', 'Vida', '<!DOCTYPE html>\r\n<html>\r\n<head>\r\n</head>\r\n<body>\r\n<p>Deux mains et l’univers d’une corbeille à couture. Les choses faites à la main possèdent un caractère propre, les mains en tant que parties d’un être vivant, en tant que protagonistes, en tant qu’êtres singuliers créant mouvement, émotion et vie. Une corbeille à la dérive, un voyage… La vie jaillit d’un recoin quelconque, d’une simple corbeille. Des vies précieuses, particulières et uniques.</p>\r\n</body>\r\n</html>', 'Théâtre de marionnettes', '+ 7ans', 55, 0, NULL, NULL, 'http://www.javieraranda.es', 'https://vimeo.com/236905562', '<!DOCTYPE html>\r\n<html>\r\n<head>\r\n</head>\r\n<body>\r\n<p><span style=\"text-decoration: underline;\">Prix : <br /></span></p>\r\n<p>10 € <br />6 € adhérent<br />Gratuit - 12 ans</p>\r\n</body>\r\n</html>', 'web.3.Javier Aranda teatro.cHugo Falcon.jpg', 'web.3.Javier Aranda teatro.cHugo Falcon.jpg', 'image/jpeg', 231615, '1650,1647', '2020-03-02 13:38:23', 'Spectacle de marionnettes', 0),
(102, 'Cie Chant de balles', 'Jonglerie champêtre', '<!DOCTYPE html>\r\n<html>\r\n<head>\r\n</head>\r\n<body>\r\n<p>Sur le fil d’une voix accompagnée d’une citole, d’un gant de chistera et d’une multitude de balles sonores, Vincent de Lavenère, jongleur hors norme, d’une virtuosité déconcertante, nous propulse dans son univers aux rythmes entraînants, poétiques et fantaisistes. Jongleur atypique, il propose une conception innovante à la jonglerie, où feu d’artifice de balles, de voix, de chants d’oiseaux et de sonorités montagnardes donnent vie à une danse aérienne savamment orchestrée. Une pure ballade musicale et poétique pour enchanter nos sens</p>\r\n</body>\r\n</html>', 'Jonglerie Musicale', '+ 3ans', 45, 0, NULL, NULL, 'https://www.vincentdelavenere.com/', 'https://www.youtube.com/watch?v=3lpj0kWbomA&feature=emb_logo', '<!DOCTYPE html>\r\n<html>\r\n<head>\r\n</head>\r\n<body>\r\n<p><span style=\"text-decoration: underline;\"><strong>Mention obligatoire :</strong> </span></p>\r\n<p>La Compagnie Chant de Balles est conventionnée DRAC et Région Ile de France et soutenue par le Conseil Départemental de l\'Essonne.</p>\r\n</body>\r\n</html>', 'web.4.Jonglerie.Champêtre.credit Philippe Cibille.jpg', 'web.4.Jonglerie.Champêtre.credit Philippe Cibille.jpg', 'image/jpeg', 357773, '650,633', '2020-03-02 13:33:39', 'Homme en train de jongler avec des balles', 0),
(103, 'Cie Le Cirque Compost', 'On avait dit qu\'on se touchait pas', '<!DOCTYPE html>\r\n<html>\r\n<head>\r\n</head>\r\n<body>\r\n<p>Ils sont deux, ils s’adorent, ils sont un peu perdus mais ensemble ils avancent, et surtout : ils ne doivent pas se toucher. Ils sont obsédés par cette idée. S’ils se touchent, ils doivent tout recommencer. Ils sont touchants mais n’ont pas le droit de se toucher. Lorsque leurs corps s’expriment, s’opère un mélange entre adresse et tendresse. Ils se nouent, se dénouent, se jettent, se propulsent, roulent, sautent avec plaisir et douceur. Ils voyagent dans les possibles de leurs deux corps sans se toucher, ou presque... Émerge une réflexion sur le contact, entre eux, entre vous, entre nous. Qu’est-ce que toucher ? Qu’est-ce que ça fait ? Qu’est-ce qu’on en fait ?</p>\r\n</body>\r\n</html>', 'Cirque sensible', 'Tout public', 45, 1, '2020-04-20', '2020-04-24', 'https://simsamcirque.wixsite.com/cirque-compost', NULL, '<!DOCTYPE html>\r\n<html>\r\n<head>\r\n</head>\r\n<body>\r\n<p>Coproduction avec la Scène conventionnée les 3T.</p>\r\n</body>\r\n</html>', 'web.5.cirque.copost.c.Vincent Olivier.jpg', 'web.5.cirque.copost.c.Vincent Olivier.jpg', 'image/jpeg', 269854, '650,652', '2020-03-02 13:42:02', 'acrobates', 0),
(104, 'Cie Choleski', NULL, '<!DOCTYPE html>\r\n<html>\r\n<head>\r\n</head>\r\n<body>\r\n<p>Chosleski propose un mélange de mélodies festives et mélancoliques issues du répertoire traditionnel des Balkans, de la musique klezmer et d\'autres influences méditerranéennes.</p>\r\n</body>\r\n</html>', 'Musique des Balkans', 'Tout public', 45, 0, NULL, NULL, 'http://www.chosleski.fr', NULL, '<!DOCTYPE html>\r\n<html>\r\n<head>\r\n</head>\r\n<body>\r\n\r\n</body>\r\n</html>', 'web.5.c.choleski.jpg', 'web.5.c.choleski.jpg', 'image/jpeg', 507342, '650,646', '2020-03-02 13:34:13', 'musiciens', 0),
(105, 'Cie Emergente', 'Déséquilibre Passager', '<!DOCTYPE html>\r\n<html>\r\n<head>\r\n</head>\r\n<body>\r\n<p>A la fois saltimbanque et clown contemporain, résolument vintage, M. Cousins réussit tout, mais presque ! Et toujours avec la même philosophie « Dépêchons-nous d\'en rire avant d\'avoir à en pleurer ! ».</p>\r\n</body>\r\n</html>', 'Le solo désopilant d’un jongleur pas banal', '+ 6ans', 70, 0, NULL, NULL, 'http://www.lacompagnieemergente.com', NULL, '<!DOCTYPE html>\r\n<html>\r\n<head>\r\n</head>\r\n<body>\r\n<p>Soutiens à la création : le Moulin Fondu (Noisy-le-Sec), les Ateliers Frappaz – Centres nationaux des arts de la rue et de l’espace public, Les Z\'Accros d\'ma Rue, Centre Culturel Aragon-Triolet, EPCC-TEC – Travail et Culture ; les festivals : Jonglissimo, Les Turbulles, Rêves de Cirque.</p>\r\n</body>\r\n</html>', 'web.6.cieemergente.CopyrightEmmanuelleTrompille.jpg', 'web.6.cieemergente.CopyrightEmmanuelleTrompille.jpg', 'image/jpeg', 302673, '650,635', '2020-03-02 13:35:25', 'jongleur avec des oranges', 0),
(106, 'Cie.i.Si', 'Tout seul, il se promène avec toute sa petite vie emballée. Tel un Charlot ou un Buster, un petit homme tout ordinaire. Lors d’une journée tout aussi ordinaire. Tout est bien rangé, même son compagnon de route. Ses manies, ses mesquineries défilent sur un', '<!DOCTYPE html>\r\n<html>\r\n<head>\r\n</head>\r\n<body>\r\n<p>Tout seul, il se promène avec toute sa petite vie emballée. Tel un Charlot ou un Buster, un petit homme tout ordinaire. Lors d’une journée tout aussi ordinaire. Tout est bien rangé, même son compagnon de route. Ses manies, ses mesquineries défilent sur un rythme musical et poétique. La vie, les tracas, l’amour et la complicité émergent au fil de cette jolie partition. La simplicité à l’état pur.</p>\r\n</body>\r\n</html>', 'Clownesque et musical', '+ 6ans', 50, 0, NULL, NULL, 'http://www.cieisi.com', NULL, '<!DOCTYPE html>\r\n<html>\r\n<head>\r\n</head>\r\n<body>\r\n<p>Cie soutenue par La Région Nouvelle-Aquitaine, Le département de la Charente, La CDC du Rouillacais, La ville de Rouillac.</p>\r\n</body>\r\n</html>', 'web.6.cie.i.si©JPBouron.jpg', 'web.6.cie.i.si©JPBouron.jpg', 'image/jpeg', 113431, '650,647', '2020-03-02 13:46:52', 'Deux hommes avec des couverts dans les mains', 0),
(107, 'Cie Kiaï', 'CRI', '<!DOCTYPE html>\r\n<html>\r\n<head>\r\n</head>\r\n<body>\r\n<p>Fan de musique, de hip hop, d’arts martiaux et danseur fervent, Cyrille Musy a conçu CRI comme un échangeur entre les corps, les disciplines et les récits. Au plateau, 4 acrobates alternent révolutions accélérées et séquences contemplatives ; 1 slameur enroule son flow autour des interprètes en mouvement accompagné d\'1 musicien. </p>\r\n</body>\r\n</html>', 'Cirque chorégraphique et poétique', '+ 6ans', 40, 0, NULL, NULL, 'http://www.kiai.fr', NULL, '<!DOCTYPE html>\r\n<html>\r\n<head>\r\n</head>\r\n<body>\r\n<p>Coproductions : Le Manège de Reims - Scène Nationale, Théâtre de l’Agora - Scène Nationale Evry-Essonne. Accueils en résidence : Le Manège de Reims - Scène Nationale, Théâtre de l’Agora - Scène Nationale Evry-Essonne. Soutiens : Région Champagne-Ardenne, Centre National de Arts du Cirque. Avec l’aide de L’échangeur – CDC Hauts-de-France (dans le cadre de « Studio Libre ». </p>\r\n</body>\r\n</html>', 'web.6.kiai 4 - Philippe Laurençon.jpg', 'web.6.kiai 4 - Philippe Laurençon.jpg', 'image/jpeg', 253593, '650,650', '2020-03-02 13:38:43', 'homme marchant sur une barre vertical', 0),
(108, 'Cie La Micro', NULL, '<!DOCTYPE html>\r\n<html>\r\n<head>\r\n</head>\r\n<body>\r\n<p>Une toute nouvelle formation musicale sensible et humaniste. 8 compères pour vous conduire le long de la Cordillère des Andes. Suivez les notes de la Micro, et enclenchez le voyage !</p>\r\n</body>\r\n</html>', 'Voyage Musical en Amérique Latine', 'Tout public', 60, 0, NULL, NULL, 'http://www.facebook.com/lamicromusica', NULL, '<!DOCTYPE html>\r\n<html>\r\n<head>\r\n</head>\r\n<body>\r\n<p>Avec le soutien de DAV 31, La Vache qui Rue, Collectif les Nouvelles Fabriques Réunies, La Petite Pierre.</p>\r\n</body>\r\n</html>', 'web.6.Micro Lons.jpg', 'web.6.Micro Lons.jpg', 'image/jpeg', 248571, '650,654', '2020-03-02 13:40:17', 'groupe lors d\'un concert', 0),
(109, 'Cie L’Etabli', '1518 L\'épidémie ou Dansez plus fort car on pourrait bien vous entendre', '<!DOCTYPE html>\r\n<html>\r\n<head>\r\n</head>\r\n<body>\r\n<p>Strasbourg. Eté 1518. Frau Troffea sort de chez elle et commence à danser. Des dizaines, puis des centaines de personnes lui emboîtent le pas. Jusqu\'à créer une épidémie de gens qui bougent, sautent, dansent. Ensemble, jour et nuit. Le mystère qui entoure cette histoire nous intrigue, ouvre nos imaginaires, bouscule nos quotidiens. Personne ne peut dire avec certitude pourquoi Frau Troffea s’est mise à danser ce jour-là, ou pourquoi d’autres l’ont suivie, ou comment ils ont pu danser sans s’arrêter pendant un mois entier. Ce qui est sûr, c\'est que Frau Troffea provoque une véritable rupture dans sa vie et dans la société de l’époque. Avec cette rupture, un espace se crée. Dans cet espace jaillissent les étincelles d’autres histoires, d’autres déséquilibres, d’autres ruptures. Nous investissons cet espace avec un théâtre physique, pour raconter nos histoires et nos questionnements.</p>\r\n</body>\r\n</html>', 'Théâtre de rue', 'Tout public', 60, 1, '2020-05-25', '2020-05-29', 'http://www.facebook.com/compagnie.letabli', NULL, '<!DOCTYPE html>\r\n<html>\r\n<head>\r\n</head>\r\n<body>\r\n<p>Avec le soutien de DAV 31, La Vache qui Rue, Collectif les Nouvelles Fabriques Réunies, La Petite Pierre</p>\r\n</body>\r\n</html>', 'web.7.etabli.c.Elisabetta Spaggiari.jpg', 'web.7.etabli.c.Elisabetta Spaggiari.jpg', 'image/jpeg', 624152, '650,640', '2020-03-02 13:39:17', 'Boite avec 1518 écrit dessus et des dessins de chaises et de roues', 0),
(110, 'Cie Midi à l\'Ouest', 'Martine, voyante des territoires - Le Tarot du Béarn des Gaves', '<!DOCTYPE html>\r\n<html>\r\n<head>\r\n</head>\r\n<body>\r\n<p>Martine Voyante des Territoires est un projet à la croisée du théâtre forain, de l\'enquête de territoire et de la psycho-géographie. Martine est une cartomancienne rurale qui s\'est lancée dans une nouvelle aventure : offrir son savoir faire aux villes et aux villages, qui depuis la loi NOTRe, vivent une véritable mutation !  Des nouvelles circonscriptions naissent. Des questionnements émergent, des habitudes sont dérangées. A cela s\'ajoutent les secousses du monde et le dérèglement climatique. Dans cette période de doute, pas facile d\'être visionnaire ! Aussi faut-il savoir prendre le temps de se suspendre un instant, pour faire le point : c\'est cet espace-temps qu\'offre le tirage de cartes du Tarot du Lieu. Martine met alors en oeuvre toutes ses aptitudes en taromancie, son art du récit poétique, son humour et son bon sens critique pour éclairer les débats et délier la parole. Après avoir enquêté sur les chemins du territoire à la recherche d\'indices et de témoignages pour nourrir ses visions, elle remet au public ses conclusions prospectives sous la forme d\'une consultation tarologique aussi sérieuse qu\'extravagante !</p>\r\n</body>\r\n</html>', 'Enquête et chronique de territoire', '+ 10ans', 60, 0, NULL, NULL, 'http://www.ciemidialouest.jimdofree.com', NULL, '<!DOCTYPE html>\r\n<html>\r\n<head>\r\n</head>\r\n<body>\r\n<p>Co-production : DRAC Nouvelle-Aquitaine, OARA, CNAREP Sur le Pont, Fabriques Réunies.</p>\r\n</body>\r\n</html>', 'web.8.midi.a.ouest.c.Marie Monteiro.le clown.jpg', 'web.8.midi.a.ouest.c.Marie Monteiro.le clown.jpg', 'image/jpeg', 243024, '650,648', '2020-03-02 13:45:02', 'Femme devant un tableau noir avec des cartes de tarot', 0),
(111, 'Cie La Grosse Situation', 'France Profonde', '<!DOCTYPE html>\r\n<html>\r\n<head>\r\n</head>\r\n<body>\r\n<p>Au fil de nos tournées, nous nous sommes beaucoup déplacé-es sur le territoire français, de salles des fêtes en aires d’autoroute…  C’est quoi ce pays dans lequel nous vivons ? C’est quoi cette France profonde, théâtre de nos vies intimes ? De quelle profondeur s\'agit-il ? Qu\'est-ce qu\'on sème de profond dans ce pays ? Qu\'est-ce qui y pousse? C\'est quoi ce sol ? C\'est quoi cette terre ? Quels liens entretenons-nous avec la terre? Qu\'est-ce qui se joue sur une parcelle agricole aujourd\'hui en France ? « France Profonde » fait entendre des points de vue qui se frottent, selon qu’on soit futur jeune agriculteur conventionnel ou future cheffe d’exploitation en permaculture; comédienne ou fille de paysans, ou les deux à la fois; artiste intervenant dans un lycée agricole pour y faire du théâtre, ou directeur du-dit lycée; selon qu’on soit issu d’une dynastie de viticulteurs ou d’une lignée de chasseurs cueilleurs, cadre ou hors cadre familial, en bottes ou en chaussons… Bref, les protagonistes luttent avec eux-mêmes et avec l’urgence de creuser les questions. Nulle terre sans guerre, dit un adage. Où se situe le combat ?</p>\r\n</body>\r\n</html>', 'Théâtre', 'Tout public', 90, 0, NULL, NULL, 'http://www.lagrossesituation.fr', NULL, '<!DOCTYPE html>\r\n<html>\r\n<head>\r\n</head>\r\n<body>\r\n<p><span style=\"text-decoration: underline;\">Prix :</span></p>\r\n<p>10 €   <br />8 € adhérent</p>\r\n<p>Production: La Grosse Situation. Coproduction: OARA, Le Sillon-Scène conventionnée pour le théâtre dans l’espace public,  l’Atelline lieu de fabrique des Arts de la rue en Languedoc, Iddac, Agence culturelle de la Gironde, Le Liburnia - Ville de Libourne,  Pronomade(s) en Haute-Garonne - Centre national des arts de la rue, Carré-Colonnes – scène cosmopolitaine, Saint-Médard et Blanquefort, Hameka, Fabrique des arts de la rue, Communauté de Communes Errobi, Adami , Sacd, Spedidam . Avec l\'aide à la création : la DRA</p>\r\n</body>\r\n</html>', 'web.12.lagrosse.situationcredit Olivier Villanove.jpg', 'web.12.lagrosse.situationcredit Olivier Villanove.jpg', 'image/jpeg', 287107, '650,641', '2020-03-02 13:39:53', 'Personne dans un champ avec une pelle et une pioche au crépuscule', 0),
(112, 'Cie du Vide', 'Le Dressing De Rosemonde', '<!DOCTYPE html>\r\n<html>\r\n<head>\r\n</head>\r\n<body>\r\n<p>Rosemonde débarque chez vous !</p>\r\n<p>La voici, au cœur de l’action, en plein centre de la ville, du quartier, de votre fête de village ou du festoche que vous aimez tant ! Elle déploie son dressing ambulant : installation de cabines d’essayage, accrochage de grands miroirs, re- passage de frusques, étalage de fringues en tout genre mais néanmoins ébouriffants. Apparaît alors devant vos yeux, un univers singulier et décapant, ambiance vintage et rococo garanti !</p>\r\n<p>Dans son chez elle, vous pourrez essayer un large choix de fringues et d’accessoires, pour changer de style pour une journée, une soirée, un instant, un instant seulement. Pour oser ce que l’on a jamais osé, pour paraître ce qu’on pourrait être, pour devenir ce quelqu’un d’autre qui est aussi en nous, pour sublimer son moi-intérieur.....pour oser la couleur, pour se marrer, pour se tester autrement, se sentir différent !</p>\r\n<p>Bien entendu le service vestiaire est inclus, vos habits vous attendent sagement chez Rosemonde !</p>\r\n<p>Le tout sera parsemé de petites démonstrations de style, défilés surprises, quick change ratés, scènes de maquillage exubérant ou autres prises de paroles poétiques volubiles ! Une fois ce moment de vie partagé, chaque personne replongera dans la vraie vie habillé autrement (ou non), mais certainement pas comme avant.</p>\r\n</body>\r\n</html>', 'Théâtre de rue - installation spectaculaire', 'Tout public', 30, 1, '2020-11-16', '2020-11-20', 'http://www.cieduvide.wixsite.com/cieduvide', NULL, '<!DOCTYPE html>\r\n<html>\r\n<head>\r\n</head>\r\n<body>\r\n<p>Soutien (en cours de négociation) : la Grainerie, festival DésARTiculé via le réseau RADAR, festival Les Comédiales.</p>\r\n</body>\r\n</html>', 'web.13.rosemonde.Julie Font .jpg', 'web.13.rosemonde.Julie Font .jpg', 'image/jpeg', 349334, '650,652', '2020-03-02 13:35:58', 'Dessin d\'une machine à coudre', 0),
(113, 'Cie Spectralex', 'Olaph Nichte', '<!DOCTYPE html>\r\n<html>\r\n<head>\r\n</head>\r\n<body>\r\n<p>Maître de Conférences à l\'université de Kôln, Olaph Nichte est chercheur en Global Physic (astrophysique du quotidien). Une toute nouvelle science qui tente de regrouper toutes les sciences en une seule afin de mettre en équation le sens de la vie. Il s\'est donné comme objectif d\'écrire 762 conférences afin de balayer l\'ensemble des éléments caractérisant notre univers. Olaph Nichte réussit cet exploit de faire rire aux éclats tout en donnant matière à réflexion. Le spectateur repart heureux mais bardé d’incertitudes : et si Olaph Nichte leur donnait vraiment les clefs pour appréhender le sens de la vie ?</p>\r\n</body>\r\n</html>', 'Conférence pas comme les autres', '+ 7ans', 75, 0, NULL, NULL, 'http://www.spectralex.org', NULL, '<!DOCTYPE html>\r\n<html>\r\n<head>\r\n</head>\r\n<body>\r\n<p><span style=\"text-decoration: underline;\">Prix :</span></p>\r\n<p>10 €  <br />8 € adhérent </p>\r\n</body>\r\n</html>', 'web.14.OlaphNichte_CrÇdit_SophieCousin.jpg', 'web.14.OlaphNichte_CrÇdit_SophieCousin.jpg', 'image/jpeg', 409013, '650,649', '2020-03-02 13:45:39', 'Homme parlant devant un tableau noir', 0),
(114, 'Cie Le Petit Théâtre de Pain', 'MU.e', '<!DOCTYPE html>\r\n<html>\r\n<head>\r\n</head>\r\n<body>\r\n<p>« La question c’est pas quelle planète on laisse à nos enfants mais quels enfants on laisse à notre planète, c’est ça la question bordel ! » </p>\r\n<p>Suite aux réactions du jeune public à l’écoute du texte de notre dernière création « BOXON(s) Jusqu’à n’en plus Pouvoir » de Stéphane Jaubertie, nous avons eu envie de creuser en ce sens. Qu’est-ce que c’est qu’être adolescents dans la société d’aujourd’hui ? Quels enfants notre société façonne-t-elle ? Comment s’y projettent-ils ? Qu’avons-nous transmis ? Manqué ? Trahi ? Quels rêves sont les leurs ? Qu’avons-nous fait des nôtres ? </p>\r\n<p>Selon un processus d’écriture sur 3 ans, MU.e se décline en plusieurs volets :  une création partagée avec une équipe d’une trentaine d’acteurs adolescents, suite à des résidences d’immersion en collèges et lycées ; une pièce de théâtre en salle ainsi qu’une re-création de l’ensemble de la pièce dans l’espace public.<br />En inscrivant MU.e dans un processus long, par étapes, nous offrons la possibilité d’explorer notre thématique de manière arborescente. De nous plonger dans la complexité des points de vue : celui des adolescents d’abord, celui des adultes ensuite.</p>\r\n<p>Du manifeste choral porté par les jeunes à l’aboutissement de la dramaturgie finale portée par la troupe, cette démarche nous permettra d’arpenter les réalités différentes, de constater ce qui se vit, d’essayer de comprendre comment cela s’explique, se contredit, se nourrit, afin de témoigner et de questionner à notre façon les notions d’idéal, de transmission et de responsabilité, à travers une fiction de notre temps. </p>\r\n</body>\r\n</html>', 'Théâtre', '+ 12ans', 35, 1, '2020-12-14', '2020-12-18', NULL, NULL, '<!DOCTYPE html>\r\n<html>\r\n<head>\r\n</head>\r\n<body>\r\n<p>Le projet \"MU.E\" est coproduit et soutenu par Hameka - Communauté d’Agglomération du Pays Basque, Fabrique des Arts de la Rue, Kultura bidean - Communauté d’Agglomération du Pays Basque - Service Art, Enfance, Jeunesse, OARA, L’Odyssée - Scène conventionnée – Périgueux, Théâtre Ducourneau - Scène conventionnée – Agen, Théâtre de Gascogne - Scène Conventionnée - Mont-de-Marsan, Lacaze aux Sottises - Orion, Association CRÉA - St Georges de Didonne, l’Usine - CNAREP, Tournefeuille-Toulouse Métropole, Le Sillon - Scène Conventionnée - <br />Clermont l’Hérault, L\'Atelier 231 - CNAREP Sotteville-lès-Rouen, Centre Culturel Aragon Triolet – Orly. Le Petit Théâtre de Pain est conventionné par la DRAC Nouvelle-Aquitaine, la Région Nouvelle Aquitaine, le Département des Pyrénées-Atlantiques, la Communauté d’Agglomération du Pays Basque et accompagné par l’OARA. Le Petit Théâtre de Pain est artiste associé en résidence permanente à Hameka – Fabrique des Arts de la Rue et du théâtre en basque et artiste associé au Théâtre de Gascogne – Mont-deMarsan - Scène conventionnée d’Intérêt National.</p>\r\n</body>\r\n</html>', 'web.15.ptdp.©g.meziat-0292.jpg', 'web.15.ptdp.©g.meziat-0292.jpg', 'image/jpeg', 441247, '650,661', '2020-03-02 13:44:16', 'Mots de différentes tailles écrits en bleu sur un tableau noir', 0),
(115, 'Association Lacaze aux sottises', NULL, '<!DOCTYPE html>\r\n<html>\r\n<head>\r\n</head>\r\n<body>\r\n\r\n</body>\r\n</html>', 'Sélection des compagnies pour le off du festival Fête des sottises !', 'Accés libre', 60, 0, NULL, NULL, NULL, NULL, '<!DOCTYPE html>\r\n<html>\r\n<head>\r\n</head>\r\n<body>\r\n\r\n</body>\r\n</html>', 'web.24.3.jpg', 'web.24.3.jpg', 'image/jpeg', 196659, '650,640', '2020-03-02 15:14:03', 'Femme faisant des accrobatie suspendu à une corde', 1),
(116, 'Les Francas', NULL, '<!DOCTYPE html>\r\n<html>\r\n<head>\r\n</head>\r\n<body>\r\n\r\n</body>\r\n</html>', 'Soirée jeux de société avec Les Francas', 'Tout public', 60, 0, NULL, NULL, NULL, NULL, '<!DOCTYPE html>\r\n<html>\r\n<head>\r\n</head>\r\n<body>\r\n\r\n</body>\r\n</html>', 'web.25.rippley.jpg', 'web.25.rippley.jpg', 'image/jpeg', 6611839, '2948,2845', '2020-03-02 15:14:33', 'Plateau de jeux avec une bille et des maillets', 1),
(117, 'Chorales', NULL, '<!DOCTYPE html>\r\n<html>\r\n<head>\r\n</head>\r\n<body>\r\n\r\n</body>\r\n</html>', 'Rencontre de chorales - au Château d’Orion', 'Tout public', 60, 0, NULL, NULL, NULL, NULL, '<!DOCTYPE html>\r\n<html>\r\n<head>\r\n</head>\r\n<body>\r\n\r\n</body>\r\n</html>', 'web.26.jpg', 'web.26.jpg', 'image/jpeg', 2562920, '1848,1849', '2020-03-02 15:13:34', 'chorales chantant devant un public', 1),
(118, 'Cie Laluberlu', '40, Chants d\'amour à perte de voix', '<!DOCTYPE html>\r\n<html>\r\n<head>\r\n</head>\r\n<body>\r\n\r\n</body>\r\n</html>', 'Concert avec la cie Laluberlu - 40, Chants d\'amour à perte de voix', 'Tout public', 59, 0, NULL, NULL, NULL, NULL, '<!DOCTYPE html>\r\n<html>\r\n<head>\r\n</head>\r\n<body>\r\n\r\n</body>\r\n</html>', 'web.27.c.laluberlu.jpg', 'web.27.c.laluberlu.jpg', 'image/jpeg', 494677, '959,958', '2020-03-02 15:14:57', 'Femme avec un accordéon', 1),
(119, 'Cie Hors Sujet', NULL, '<!DOCTYPE html>\r\n<html>\r\n<head>\r\n</head>\r\n<body>\r\n\r\n</body>\r\n</html>', 'Soirée veillée avec la cie Hors Suje', 'Tout public', 60, 0, NULL, NULL, NULL, NULL, '<!DOCTYPE html>\r\n<html>\r\n<head>\r\n</head>\r\n<body>\r\n\r\n</body>\r\n</html>', 'web.28.laure.jpg', 'web.28.laure.jpg', 'image/jpeg', 170498, '650,650', '2020-03-02 20:19:05', 'Logo de la compagnie', 1),
(120, 'Intimatopia', NULL, '<!DOCTYPE html>\r\n<html>\r\n<head>\r\n</head>\r\n<body>\r\n<p>15 pers. sur inscription</p>\r\n</body>\r\n</html>', 'Jeux de rôle avec Intimatopia', '+ 16ans', 120, 0, NULL, NULL, NULL, NULL, '<!DOCTYPE html>\r\n<html>\r\n<head>\r\n</head>\r\n<body>\r\n\r\n</body>\r\n</html>', 'web.29.jeu.role.jpg', 'web.29.jeu.role.jpg', 'image/jpeg', 266163, '650,633', '2020-03-02 20:19:35', 'logo intimatopia', 1),
(128, 'Cie Chicken Street', 'Poilu, purée de guerre', '<!DOCTYPE html>\r\n<html>\r\n<head>\r\n</head>\r\n<body>\r\n\r\n</body>\r\n</html>', NULL, 'Tout public', 50, 0, NULL, NULL, NULL, NULL, '<!DOCTYPE html>\r\n<html>\r\n<head>\r\n</head>\r\n<body>\r\n\r\n</body>\r\n</html>', 'web.1.ChickenStreet-POILU©photo_FrançoisMary.jpg', 'web.1.ChickenStreet-POILU©photo_FrançoisMary.jpg', 'image/jpeg', 263288, '650,650', '2020-03-02 16:20:23', 'per', 0),
(129, 'Cie Chicken Street', 'Le magnifique bon à rien', '<!DOCTYPE html>\r\n<html>\r\n<head>\r\n</head>\r\n<body>\r\n\r\n</body>\r\n</html>', 'Théatre d\'objets', 'Tout public', 50, 0, NULL, NULL, NULL, NULL, '<!DOCTYPE html>\r\n<html>\r\n<head>\r\n</head>\r\n<body>\r\n\r\n</body>\r\n</html>', 'web.2.magnifiquebonrien.daniele.touret.jpg', 'web.2.magnifiquebonrien.daniele.touret.jpg', 'image/jpeg', 843290, '650,631', '2020-03-02 20:25:15', 'Panneau sur une palette avec des photos de western', 0),
(130, 'Initiation aux arts, etc...', 'Initiation aux arts du cirque, jeux en bois', '<!DOCTYPE html>\r\n<html>\r\n<head>\r\n</head>\r\n<body>\r\n\r\n</body>\r\n</html>', 'cirque', 'Tout public', 1, 0, NULL, NULL, NULL, NULL, '<!DOCTYPE html>\r\n<html>\r\n<head>\r\n</head>\r\n<body>\r\n\r\n</body>\r\n</html>', NULL, NULL, NULL, NULL, NULL, NULL, NULL, 1),
(131, 'Brana Project', 'Swing & songs', '<!DOCTYPE html>\r\n<html>\r\n<head>\r\n</head>\r\n<body>\r\n\r\n</body>\r\n</html>', 'Concert', 'Tout public', 1, 0, NULL, NULL, NULL, NULL, '<!DOCTYPE html>\r\n<html>\r\n<head>\r\n</head>\r\n<body>\r\n\r\n</body>\r\n</html>', 'web.3.januszjerryduo.jpg', 'web.3.januszjerryduo.jpg', 'image/jpeg', 278468, '650,645', '2020-03-02 20:36:24', 'deux hommes dos à dos', 0),
(132, 'Anonimo Teatro', 'La Route', '<!DOCTYPE html>\r\n<html>\r\n<head>\r\n</head>\r\n<body>\r\n\r\n</body>\r\n</html>', 'Road-movie marionnettique', 'Tout public', 1, 0, NULL, NULL, NULL, NULL, '<!DOCTYPE html>\r\n<html>\r\n<head>\r\n</head>\r\n<body>\r\n\r\n</body>\r\n</html>', 'web.4.laroute©A.Djurovic2.jpg', 'web.4.laroute©A.Djurovic2.jpg', 'image/jpeg', 64683, '650,650', '2020-03-02 20:38:35', 'voitures miniatures', 0),
(133, 'Anonimo Teatro', 'Muppets Rapsody', '<!DOCTYPE html>\r\n<html>\r\n<head>\r\n</head>\r\n<body>\r\n\r\n</body>\r\n</html>', 'Récital pour boules de poils', 'Tout public', 1, 0, NULL, NULL, NULL, NULL, '<!DOCTYPE html>\r\n<html>\r\n<head>\r\n</head>\r\n<body>\r\n\r\n</body>\r\n</html>', NULL, NULL, NULL, NULL, NULL, NULL, NULL, 0),
(134, 'Caus\'rue', NULL, '<!DOCTYPE html>\r\n<html>\r\n<head>\r\n</head>\r\n<body>\r\n\r\n</body>\r\n</html>', NULL, 'Tout public', 1, 0, NULL, NULL, NULL, NULL, '<!DOCTYPE html>\r\n<html>\r\n<head>\r\n</head>\r\n<body>\r\n\r\n</body>\r\n</html>', NULL, NULL, NULL, NULL, NULL, NULL, NULL, 1),
(135, 'Le choeur des sottises', NULL, '<!DOCTYPE html>\r\n<html>\r\n<head>\r\n</head>\r\n<body>\r\n\r\n</body>\r\n</html>', 'chant chorale', 'Tout public', 1, 0, NULL, NULL, NULL, NULL, '<!DOCTYPE html>\r\n<html>\r\n<head>\r\n</head>\r\n<body>\r\n\r\n</body>\r\n</html>', NULL, NULL, NULL, NULL, NULL, NULL, NULL, 1),
(136, 'GIVB', 'Ne le dis surtout pas !', '<!DOCTYPE html>\r\n<html>\r\n<head>\r\n</head>\r\n<body>\r\n\r\n</body>\r\n</html>', 'Théatre de rue', 'Tout public', 1, 0, NULL, NULL, NULL, NULL, '<!DOCTYPE html>\r\n<html>\r\n<head>\r\n</head>\r\n<body>\r\n\r\n</body>\r\n</html>', 'web.5.givb.crédit.Viewbyvie.jpg', 'web.5.givb.crédit.Viewbyvie.jpg', 'image/jpeg', 201252, '650,637', '2020-03-02 20:50:33', 'Homme avec les mains sur la tête', 0),
(137, 'Typhus Bronx', 'Le délirium du papillon', '<!DOCTYPE html>\r\n<html>\r\n<head>\r\n</head>\r\n<body>\r\n\r\n</body>\r\n</html>', 'clown caustique', 'Tout public', 1, 0, NULL, NULL, NULL, NULL, '<!DOCTYPE html>\r\n<html>\r\n<head>\r\n</head>\r\n<body>\r\n\r\n</body>\r\n</html>', 'web.6.TyphusBronx©FabienDEBRABANDERE.jpg', 'web.6.TyphusBronx©FabienDEBRABANDERE.jpg', 'image/jpeg', 286009, '650,648', '2020-03-02 20:53:18', 'clown dans la pénombre', 0),
(138, 'Dj Melusine', 'Dj set', '<!DOCTYPE html>\r\n<html>\r\n<head>\r\n</head>\r\n<body>\r\n\r\n</body>\r\n</html>', 'Ethno techno - techno swing', 'Tout public', 1, 0, NULL, NULL, NULL, NULL, '<!DOCTYPE html>\r\n<html>\r\n<head>\r\n</head>\r\n<body>\r\n\r\n</body>\r\n</html>', 'web.8.melusine.jpg', 'web.8.melusine.jpg', 'image/jpeg', 63386, '650,653', '2020-03-02 20:57:03', 'Femme en train de mixer', 0),
(139, 'La Micro duo', 'Concert', '<!DOCTYPE html>\r\n<html>\r\n<head>\r\n</head>\r\n<body>\r\n\r\n</body>\r\n</html>', 'Chanson', 'Tout public', 1, 0, NULL, NULL, NULL, NULL, '<!DOCTYPE html>\r\n<html>\r\n<head>\r\n</head>\r\n<body>\r\n\r\n</body>\r\n</html>', 'web.9.La.Micro.Bus.jpg', 'web.9.La.Micro.Bus.jpg', 'image/jpeg', 383048, '650,650', '2020-03-02 20:59:08', 'Bus miniature', 0),
(140, 'Leandre', 'Rien à dire', '<!DOCTYPE html>\r\n<html>\r\n<head>\r\n</head>\r\n<body>\r\n\r\n</body>\r\n</html>', 'clown', 'Tout public', 1, 0, NULL, NULL, NULL, NULL, '<!DOCTYPE html>\r\n<html>\r\n<head>\r\n</head>\r\n<body>\r\n\r\n</body>\r\n</html>', 'web.10.Rien.a.direc.Alejandro.Ardilla-1.jpg', 'web.10.Rien.a.direc.Alejandro.Ardilla-1.jpg', 'image/jpeg', 8269, '208,208', '2020-03-03 14:27:19', 'Homme tirant sur une de ses chaussettes', 0),
(141, 'La Marmaille', 'La Marmaille en scène', '<!DOCTYPE html>\r\n<html>\r\n<head>\r\n</head>\r\n<body>\r\n\r\n</body>\r\n</html>', 'Fanfare festive', 'Tout public', 1, 0, NULL, NULL, NULL, NULL, '<!DOCTYPE html>\r\n<html>\r\n<head>\r\n</head>\r\n<body>\r\n\r\n</body>\r\n</html>', 'web.11.La Marmaille_Douche_HD_carré_©Christelle Quessada.jpg', 'web.11.La Marmaille_Douche_HD_carré_©Christelle Quessada.jpg', 'image/jpeg', 634503, '768,808', '2020-03-02 21:04:05', 'Hommes et femmes en maillot dans des douches avec des instruments de musique', 0),
(142, 'Cie Baleine-Cargo', 'Je cherche un homme', '<!DOCTYPE html>\r\n<html>\r\n<head>\r\n</head>\r\n<body>\r\n\r\n</body>\r\n</html>', 'Théâtre de rue', 'Tout public', 1, 0, NULL, NULL, NULL, NULL, '<!DOCTYPE html>\r\n<html>\r\n<head>\r\n</head>\r\n<body>\r\n\r\n</body>\r\n</html>', 'web.12.La baleine-cargo .jpg', 'web.12.La baleine-cargo .jpg', 'image/jpeg', 216124, '650,654', '2020-03-02 21:06:20', 'groupe de gens autour de tonneaux', 0),
(143, 'Duo Jacaranda', 'Concert Bossa Nova', '<!DOCTYPE html>\r\n<html>\r\n<head>\r\n</head>\r\n<body>\r\n\r\n</body>\r\n</html>', 'Bossa Nova', 'Tout public', 1, 0, NULL, NULL, NULL, NULL, '<!DOCTYPE html>\r\n<html>\r\n<head>\r\n</head>\r\n<body>\r\n\r\n</body>\r\n</html>', 'web.13.Duojacaranda2019 copie.png', 'web.13.Duojacaranda2019 copie.png', 'image/png', 858330, '650,645', '2020-03-02 21:07:49', 'groupe avec une femme qui chante et un homme qui joue de la guitare', 0),
(144, 'ESACTO- Le Lido - Collectif Douce violence', 'Sur le fil du rasoir', '<!DOCTYPE html>\r\n<html>\r\n<head>\r\n</head>\r\n<body>\r\n\r\n</body>\r\n</html>', 'Nouveau cirque', 'Tout public', 1, 0, NULL, NULL, NULL, NULL, '<!DOCTYPE html>\r\n<html>\r\n<head>\r\n</head>\r\n<body>\r\n\r\n</body>\r\n</html>', 'web.14.Christophe_trouilhet_lido_nb.jpg', 'web.14.Christophe_trouilhet_lido_nb.jpg', 'image/jpeg', 73559, '650,629', '2020-03-02 21:09:25', 'acrobates', 0),
(145, 'Le bal du samedi soir', NULL, '<!DOCTYPE html>\r\n<html>\r\n<head>\r\n</head>\r\n<body>\r\n\r\n</body>\r\n</html>', 'Bal éclectique et populaire', 'Tout public', 1, 0, NULL, NULL, NULL, NULL, '<!DOCTYPE html>\r\n<html>\r\n<head>\r\n</head>\r\n<body>\r\n\r\n</body>\r\n</html>', 'web.15.dj.jpg', 'web.15.dj.jpg', 'image/jpeg', 374616, '650,624', '2020-03-02 21:10:58', 'Table de mixage', 0);

-- --------------------------------------------------------

--
-- Structure de la table `event`
--

DROP TABLE IF EXISTS `event`;
CREATE TABLE IF NOT EXISTS `event` (
  `id` int(11) NOT NULL AUTO_INCREMENT,
  `name` varchar(255) COLLATE utf8mb4_unicode_ci NOT NULL,
  `description` longtext COLLATE utf8mb4_unicode_ci,
  `starting_date` date DEFAULT NULL,
  `ending_date` date DEFAULT NULL,
  `hours` varchar(255) COLLATE utf8mb4_unicode_ci DEFAULT NULL,
  `place` varchar(255) COLLATE utf8mb4_unicode_ci DEFAULT NULL,
  `is_highlight` tinyint(1) NOT NULL,
  `updated_at` datetime DEFAULT NULL,
  `program_pdf_name` varchar(255) COLLATE utf8mb4_unicode_ci DEFAULT NULL,
  `program_pdf_original_name` varchar(255) COLLATE utf8mb4_unicode_ci DEFAULT NULL,
  `program_pdf_mime_type` varchar(255) COLLATE utf8mb4_unicode_ci DEFAULT NULL,
  `program_pdf_size` int(11) DEFAULT NULL,
  `program_pdf_dimensions` longtext COLLATE utf8mb4_unicode_ci COMMENT '(DC2Type:simple_array)',
  `program_image_name` varchar(255) COLLATE utf8mb4_unicode_ci DEFAULT NULL,
  `program_image_original_name` varchar(255) COLLATE utf8mb4_unicode_ci DEFAULT NULL,
  `program_image_mime_type` varchar(255) COLLATE utf8mb4_unicode_ci DEFAULT NULL,
  `program_image_size` int(11) DEFAULT NULL,
  `program_image_dimensions` longtext COLLATE utf8mb4_unicode_ci COMMENT '(DC2Type:simple_array)',
  `image_description` varchar(255) COLLATE utf8mb4_unicode_ci DEFAULT NULL,
  PRIMARY KEY (`id`)
) ENGINE=InnoDB AUTO_INCREMENT=43 DEFAULT CHARSET=utf8mb4 COLLATE=utf8mb4_unicode_ci;

--
-- Déchargement des données de la table `event`
--

INSERT INTO `event` (`id`, `name`, `description`, `starting_date`, `ending_date`, `hours`, `place`, `is_highlight`, `updated_at`, `program_pdf_name`, `program_pdf_original_name`, `program_pdf_mime_type`, `program_pdf_size`, `program_pdf_dimensions`, `program_image_name`, `program_image_original_name`, `program_image_mime_type`, `program_image_size`, `program_image_dimensions`, `image_description`) VALUES
(29, 'saison', '<!DOCTYPE html>\r\n<html>\r\n<head>\r\n</head>\r\n<body>\r\n\r\n</body>\r\n</html>', NULL, NULL, NULL, NULL, 0, '2020-03-02 14:26:22', 'VISUALISATION_LACAZE_PLAQUETTE SAISON 2020_V9.pdf', 'VISUALISATION_LACAZE_PLAQUETTE SAISON 2020_V9.pdf', 'application/pdf', 5560111, NULL, 'LOGO_LACAZE_NOIR.jpg', 'LOGO_LACAZE_NOIR.jpg', 'image/jpeg', 576489, NULL, 'logo lacaze aux sottises'),
(30, 'Festival Fête des sottises !', '<!DOCTYPE html>\r\n<html>\r\n<head>\r\n</head>\r\n<body>\r\n<h5><span style=\"text-decoration: underline;\"><span style=\"color: #ba372a; text-decoration: underline;\">Une programmation variée O programme !</span></span></h5>\r\n<p>Chicken Street, La Baleine Cargo, L’Etabli, Le GIVB, L’ESAC-TO - Ecole de Cirque de Toulouse, La Marmaille, Sara &amp; Alberto, Duo Jacaranda, Janusz &amp; Jerry, Anonima Teatro, Typhus Bronx, Léandre,...</p>\r\n<p> </p>\r\n<p>* Une rencontre professionnelle avec la Fédération des Arts de la Rue de la Nouvelle-Aquitaine et le CNAREP de la Rochelle</p>\r\n<p>* Des initiations cirque, des jeux, un rallye,…</p>\r\n<p>* Un Bistrot et une P’tite Resto en circuit court, toilettes sèches tel un éco festival</p>\r\n<p><span style=\"text-decoration: underline;\"><span style=\"color: #ba372a; text-decoration: underline;\">Prix libre</span></span></p>\r\n<p>Afin de conserver l’accessibilité à tous au festival et de défendre un projet solidaire, nous militons pour le prix libre – une billetterie solidaire, à savoir un appel aux dons via les chapeaux à l’issue des spectacles ou du guichet à don en valorisant le mécénat culturel ouvrant droit à une réduction d’impôts.</p>\r\n<p><span style=\"text-decoration: underline;\"><span style=\"color: #ba372a; text-decoration: underline;\">Appel à bénévole et à hébergeur</span></span></p>\r\n<p>Chaque année environ 120 bénévoles participent au festival et aux chantiers en amont de celui-ci. Sans ces forces vives, le festival n’existerait pas ! Rejoignez-nous.</p>\r\n<p>Nous avons également besoin d’aide pour héberger les artistes le temps du festival à Salies-de-Béarn et aux alentours. Si vous avez une chambre de libre et que vous adorez le festival, n’hésitez plus… c’est un soutien précieux !</p>\r\n</body>\r\n</html>', '2020-07-24', '2020-07-26', NULL, 'Salies-de-Béarn', 1, '2020-02-11 09:34:32', NULL, NULL, NULL, NULL, NULL, NULL, NULL, NULL, NULL, NULL, NULL),
(31, 'Soirées du Tiers-Lieu', '<!DOCTYPE html>\r\n<html>\r\n<head>\r\n</head>\r\n<body>\r\n<p>Pensé tel un lieu de rencontre et de convivialité, Lacaze aux sottises invite au croisement des publics dans une mixité sociale, culturelle et générationnelle. </p>\r\n<p>L’adhésion à Lacaze aux sottises est obligatoire pour accéder aux soirée du Tiers Lieu</p>\r\n<p>Adhésion structure 50 euros / Adhésion individuelle prix libre à partir de 5 euros</p>\r\n<p>Bistrot sur place</p>\r\n<p>Soirées en auberge espagnole</p>\r\n</body>\r\n</html>', NULL, NULL, NULL, 'Maison Lacaze - ORION', 0, NULL, NULL, NULL, NULL, NULL, NULL, NULL, NULL, NULL, NULL, NULL, NULL),
(32, 'Fête du Tiers-Lieu', '<!DOCTYPE html>\r\n<html>\r\n<head>\r\n</head>\r\n<body>\r\n<p>Maison LAcaze &amp; Château d’Orion<br />Bistrot sur place<br />Repas auberge espagnole<br />En partenariat avec le Château d’Orion</p>\r\n<p><br /><span style=\"color: #e03e2d;\">14h à 18h - Découverte du pain au levain</span></p>\r\n<p>4 € + 6 ans avec adulte / adhérent 6 € + de 16 ans<br />Venez avec votre tablier ou vêtement de rechange. <br />Résa - cpiebearn@cpiebearn.fr - 05 59 36 28 98 <br />Pétrir, façonner et cuire au feu de bois du pain au levain naturel... tel est l\'objectif de cette journée conviviale autour de la boulangerie artisanale ! Entre l\'explication des différentes étapes de fabrication du blé et de la farine et la mise en pratique de la panification au levain naturel, Etienne vous propose de venir mettre la main à la pâte pour découvrir ou approfondir la pratique de la boulange. Chacun dégustera et repartira avec son pain.</p>\r\n<p><br /><span style=\"color: #ba372a;\">15h à 18h - Le choeur des sottises </span></p>\r\n<p>+ 12 ans<br />Séance découverte prix libre à partir de 6 € <br />Résa - lacazeauxsottises@gmail.com - 05 59 38 68 71 <br />Un voyage vocal autour des chants du monde, avec polyrythmies et polyphonies, des chorégraphies aux petits oignons et une équipe déjantée ! Venez nous rejoindre pour un moment ou une année enchantée à raison d\'un samedi par mois à Orion, de 10h à 13h.</p>\r\n<p><br /><span style=\"color: #ba372a;\">16h Jeux, Visite ludique du lieu La Maison Lacaze,… Entrée libre</span></p>\r\n<p><br /><span style=\"color: #ba372a;\">18h - <a style=\"color: #ba372a;\">Cie Nanoua</a> - 64 - en résidence du 16 au 20 mars</span></p>\r\n<p><em><span style=\"color: #ba372a;\">Un jour sans pain</span> </em>- Sortie de résidence <br />Théâtre de matières et d’objets sortis du moule - 50 min <br />+ 8 ans  <br />Prix libre</p>\r\n<p>Comment vit-on, ensemble, aujourd’hui ?  Plongeons dans hier et rêvons demain… Une passeuse d’histoire nous embarque dans le chemin de vie de deux êtres libres et audacieux, en résonance avec l’univers du pain et la façon dont on nourrit notre regard sur le monde, faitmaison ou fondu dans le moule ?  <br /><br />Après avoir accueilli la Cie Nanoua avec ses deux premiers spectacles en aide à la création, diffusion et action de médiation à la Maison d’arrêt de Pau, c’est avec grand plaisir que nous l’accueillons à nouveau. Les petits topo en gras</p>\r\n<h5><br /><span style=\"color: #ba372a;\">Zoom sur</span></h5>\r\n<p>Rencontre avec l’artiste à l’Epicerie Sans Fin à Sauveterre-de-Béarn Mercredi 18 mars à 17h30<br /><br />20h – Et si on chantait la la la la la Petite soirée karaoké pour se marrer tout simplement ! Entrée libre</p>\r\n</body>\r\n</html>', '2020-03-21', '2020-03-21', NULL, 'Orion', 1, NULL, NULL, NULL, NULL, NULL, NULL, NULL, NULL, NULL, NULL, NULL, NULL),
(34, 'AG festive !', '<!DOCTYPE html>\r\n<html>\r\n<head>\r\n</head>\r\n<body>\r\n<p>Théâtre du Rooy <br />Prix libre<br />Bistrot sur place <br />Repas auberge espagnole</p>\r\n<p><span style=\"text-decoration: underline;\"><span style=\"color: #ba372a; text-decoration: underline;\">18h - Assemblée Générale de Lacaze aux sottises</span> </span></p>\r\n<p>L’occasion de revenir sur le bilan de notre 11ème année d’activité et de répondre à la question de Ce qui fait culture pour vous avec Les Conversations Utopiques. </p>\r\n<p><span style=\"text-decoration: underline;\"><span style=\"color: #ba372a; text-decoration: underline;\">19h – Le Cirque Compost – 65</span></span></p>\r\n<p><em><span style=\"color: #ba372a;\">On avait dit qu\'on se touchait pas</span></em> - Sortie de résidence <br />Cirque sensible<br />45 min<br />Tout public - en résidence du 20 au 24 avril</p>\r\n<p>Ils sont deux, ils s’adorent, ils sont un peu perdus mais ensemble ils avancent, et surtout : ils ne doivent pas se toucher. Ils sont obsédés par cette idée. S’ils se touchent, ils doivent tout recommencer. Ils sont touchants mais n’ont pas le droit de se toucher. Lorsque leurs corps s’expriment, s’opère un mélange entre adresse et tendresse. Ils se nouent, se dénouent, se jettent, se propulsent, roulent, sautent avec plaisir et douceur. Ils voyagent dans les possibles de leurs deux corps sans se toucher, ou presque... Émerge une réflexion sur le contact, entre eux, entre vous, entre nous. Qu’est-ce que toucher ? Qu’est-ce que ça fait ? Qu’est-ce qu’on en fait ?<br />Suite à leur franc succès lors du off du festival Fête des sottises !, c’est avec beaucoup de bienveillance que nous avons accueilli leur demande de résidence.    </p>\r\n<p><span style=\"text-decoration: underline; color: #ba372a;\">20h – Chosleski - 65 </span></p>\r\n<p>Musique des Balkans</p>\r\n<p>Chosleski propose un mélange de mélodies festives et mélancoliques issues du répertoire traditionnel des Balkans, de la musique klezmer et d\'autres influences méditerranéennes.<br />Nous accueillons à nouveau, avec enthousiasme pour notre AG festive, les 5 musiciens des Chosleski qui ont su nous faire valser tant de fois.  <br /> </p>\r\n<h5><span style=\"color: #ba372a;\">Zoom sur </span></h5>\r\n<p>Les Conservations Utopiques Suite aux conversations ouvertes à toutes personnes lors de notre festival en 2019 sur la question : qu\'est ce qui fait notre culture ?, les conversations utopiques reviennent pour envisager  avec vous cette autre question \"pourquoi et comment on devient spectateur voire acteur ?\" <br /> </p>\r\n<h5><span style=\"color: #ba372a;\">Rendez-vous…</span><br /><span style=\"color: #ba372a;\"> </span></h5>\r\n<p>… Mardi 21 avril sur Sauveterre-de-Béarn 10h - 12h30 à La Station 14h30 - 17h au Bar de la mairie<br />17h30 - 19h à L’Epicerie Sans Fin <br />… Mercredi 22 avril sur Navarrenx 9h-13h sur le marché de Navarrenx 15h-18h chez Olivier Photo<br />… Jeudi 23 avril sur Salies-de-Béarn 9h-13 h sur le marché de Salies-de-Béarn 16h-19h au Moment Librairie</p>\r\n</body>\r\n</html>', '2020-04-25', '2020-04-25', NULL, 'Salies-de-Béarn', 1, '2020-03-02 14:02:23', NULL, NULL, NULL, NULL, NULL, 'web.5.les_conversations utopiques_logo-BD.jpg', 'web.5.les_conversations utopiques_logo-BD.jpg', 'image/jpeg', 102066, NULL, 'Bulles de dialogues'),
(35, 'Mourenx fait son cirque - 8 ème édition', '<!DOCTYPE html>\r\n<html>\r\n<head>\r\n</head>\r\n<body>\r\n<p>Parc paysager  <br />Repli en cas de pluie à la salle Blazy<br />Gratuit<br />Bistrot et P’tite Resto sur place<br />En partenariat avec la commune de Mourenx</p>\r\n<p><span style=\"text-decoration: underline; color: #ba372a;\">17h – Cie Emergente - 69</span></p>\r\n<p><em><span style=\"color: #ba372a;\">Déséquilibre passager </span></em><br />Le solo désopilant d’un jongleur pas banal  <br />70 min <br />+ 6 ans </p>\r\n<p>A la fois saltimbanque et clown contemporain, résolument vintage, M. Cousins réussit tout, mais presque ! Et toujours avec la même philosophie « Dépêchons-nous d\'en rire avant d\'avoir à en pleurer ! » </p>\r\n<p><br /><span style=\"text-decoration: underline;\"><span style=\"color: #ba372a; text-decoration: underline;\">18h – Cie.i.Si - 16</span></span></p>\r\n<p><em><span style=\"color: #ba372a;\">iSi et Là</span> </em><br />Clownesque et musical  <br />50 min <br />+ 6 ans </p>\r\n<p>Tout seul, il se promène avec toute sa petite vie emballée. Tel un Charlot ou un Buster, un petit homme tout ordinaire. Lors d’une journée tout aussi ordinaire. Tout est bien rangé, même son compagnon de route. Ses manies, ses mesquineries défilent sur un rythme musical et poétique. La vie, les tracas, l’amour et la complicité émergent au fil de cette jolie partition. La simplicité à l’état pur.</p>\r\n<p><br />19h – Cie Kiaï - 51 </p>\r\n<p><em><span style=\"color: #ba372a;\">CRI</span> </em><br />Cirque chorégraphique et poétique <br />40 min <br />+ 6 ans</p>\r\n<p>Fan de musique, de hip hop, d’arts martiaux et danseur fervent, Cyrille Musy a conçu CRI comme un échangeur entre les corps, les disciplines et les récits. Au plateau, 4 acrobates alternent révolutions accélérées et séquences contemplatives ; 1 slameur enroule son flow autour des interprètes en mouvement accompagné d\'1 musicien.</p>\r\n<p><span style=\"text-decoration: underline;\"><span style=\"color: #ba372a; text-decoration: underline;\">20h – La Micro - 64</span> </span></p>\r\n<p>Voyage Musical en Amérique Latine</p>\r\n<p>Une toute nouvelle formation musicale sensible et humaniste. 8 compères pour vous conduire le long de la Cordillère des Andes. Suivez les notes de la Micro, et enclenchez le voyage !</p>\r\n<p> <br />Pour cette 8ème édition de Mourenx fait son cirque, une programmation haute en propositions artistiques des plus variées. Venez en prendre plein vos mirettes en redécouvrant Lolo Cousins programmé sur les préambules 2017, en faisant connaissance avec la cie iSi et Là, un duo de clown rempli de tendresse et de poésie, en laissant raisonner en vous une note slamée tout en rebonds par la cie Kiaï ou encore en vous trémoussant avec La Micro.      </p>\r\n</body>\r\n</html>', '2020-05-09', '2020-05-09', NULL, 'Mourenx', 1, '2020-03-02 13:56:35', NULL, NULL, NULL, NULL, NULL, 'web.6.cieemergente.CopyrightEmmanuelleTrompille.jpg', 'web.6.cieemergente.CopyrightEmmanuelleTrompille.jpg', 'image/jpeg', 302673, NULL, 'Homme jonglant avec des oranges'),
(36, 'Lo Printemps de l\'Arribèra - Soirée d\'ouverture', '<!DOCTYPE html>\r\n<html>\r\n<head>\r\n</head>\r\n<body>\r\n<p>Salle communale - Saint-Pé-de-Léren<br />Prix libre à partir de 5 € <br />Bistrot sur place <br />En partenariat avec Les Chancaires </p>\r\n<p>19h30 - Encontre Catalan Occitan, Los chancaires de Sent Pèr, L\'escòla Blai Net de Sant Boi de Llobregat</p>\r\n<p><br /><span style=\"color: #ba372a;\">20h - Chant de balles - 91</span></p>\r\n<p><span style=\"color: #ba372a;\"><em>Jonglerie champêtre/Jonglerie Musicale</em> </span><br />+ 3 ans <br />45 min</p>\r\n<p>Vincent de Lavenère nous invite à une ascension jonglée, parsemée de subtils échos montagnards. Multiples pépites de jonglerie déclinées sous plusieurs formes proposeront un chemin d’écoute singulier.<br /><br />Pour la 3ème année consécutive, les Chancaires nous invitent au dialogue des cultures, l’occasion pour nous de programmer Vincent de Lavenère, un enfant du pays.</p>\r\n<p><br />A l’issue du spectacle - Projection de films – tout public Aiga de tot ordi, Las honts e las hadas  de Patric La Vau, L\'aiga per l\'arribèra de Caroline Dufau, e autes tròç de la vita vitanta</p>\r\n</body>\r\n</html>', '2020-04-16', '2020-04-16', NULL, 'Saint-Pé-de-Léren', 1, '2020-03-02 13:57:32', NULL, NULL, NULL, NULL, NULL, 'web.4.Jonglerie.Champêtre.credit Philippe Cibille.jpg', 'web.4.Jonglerie.Champêtre.credit Philippe Cibille.jpg', 'image/jpeg', 357773, NULL, 'jongleur'),
(37, 'Les rencontres Ô Jardin !', '<!DOCTYPE html>\r\n<html>\r\n<head>\r\n</head>\r\n<body>\r\n<h4><span style=\"text-decoration: underline;\"><span style=\"color: #ba372a; text-decoration: underline;\"> 2 week-ends - 2 jardins</span> </span></h4>\r\n<p>La Maison LAcaze et Le Château d’Orion <br />10h - 12h30 / 14h – 18h Possibilité de pique-niquer le midi</p>\r\n<h5><span style=\"color: #ba372a;\">Les Rendez-vous aux jardins en 2020</span></h5>\r\n<p>Samedi 6 et Dimanche 7 Juin 2020</p>\r\n<h5><span style=\"color: #ba372a;\">Bienvenue dans mon jardin au naturel</span></h5>\r\n<p>Samedi 13 et Dimanche 14 Juin 2020</p>\r\n<h5><span style=\"color: #ba372a;\">Zoom sur</span></h5>\r\n<p>A la Maison LAcaze… Rallye découverte du Tiers Lieu <br />6 et 13 juin à 15h - <br />1h30<br />Prix libre<br />Tout public</p>\r\n</body>\r\n</html>', '2020-06-06', '2020-06-14', 'Samedi 6 et Dimanche 7 Juin,  Samedi 13 et Dimanche 14 Juin', 'Orion', 1, '2020-03-02 14:06:28', NULL, NULL, NULL, NULL, NULL, 'web.31.mare.1.jpg', 'web.31.mare.1.jpg', 'image/jpeg', 498094, NULL, 'jardin potager'),
(38, 'Préambules sur le territoire', '<!DOCTYPE html>\r\n<html>\r\n<head>\r\n</head>\r\n<body>\r\n<p><span style=\"text-decoration: underline;\"><span style=\"color: #ba372a; text-decoration: underline;\">Cie Chicken Street</span> </span></p>\r\n<p>Théâtre d\'objet<br />50 mn,<br />+ 6 ans</p>\r\n<p>Lundi 20 - Sorde-l’Abbaye <br /><em><span style=\"color: #ba372a;\">Poilu, purée de guerre</span> </em></p>\r\n<p>Mardi 21 - Puyoo <br /><em><span style=\"color: #ba372a;\">Le Magnifique Bon à Rien</span> </em></p>\r\n<p>Mercredi 22 - Oraàs <br /><em><span style=\"color: #ba372a;\">Poilu, purée de guerre</span> </em></p>\r\n<p>Jeudi 23 - Araux<br /><em><span style=\"color: #ba372a;\">Le Magnifique Bon à Rien</span></em></p>\r\n</body>\r\n</html>', '2020-07-20', '2020-07-23', NULL, 'Sorde-l’Abbaye, Oraàs, Puyoo, Araux', 1, NULL, NULL, NULL, NULL, NULL, NULL, NULL, NULL, NULL, NULL, NULL, NULL),
(41, 'Festi’ Chap ! - 1ére édition', '<!DOCTYPE html>\r\n<html>\r\n<head>\r\n</head>\r\n<body>\r\n<p>En partenariat avec les communes d’Orthez et de Biron, et de la CC de Lacq-Orthez <br /><br /><span style=\"color: #ba372a;\">En partenariat avec Chacam, Arts Pluriels, Morlanne sur la Place, Tempête d\'Idées, Triporteurs, L’Union Fait La Jongle, Rats des villes rats des champs </span></p>\r\n<p>Il y a encore quelques années le mois de septembre se fleurissait de festivals... La Fête du Bois à Lucq de Béarn, Le Koolkhoze à Ouillon, Les concerts sous chapiteau à Morlanne… Le temps épuisant les forces vives peu à peu toutes ces manifestations ont pris fin... <br />Les associations, qui organisaient ces temps festifs de rentrée, ayant toutes croisées la route de Lacaze aux sottises par le biais de différents partenariats, c’est tout naturellement que nous nous sommes rassemblées pour imaginer une nouvelle aventure. <br />Rejoint sur la route par d’autres, ce collectif d’acteurs culturels en milieu rural a décidé de se lancer pour septembre 2020 dans l’organisation d’un nouveau rendez-vous populaire Le Festi\'Chap, un festival à dominante musicale sous le beau chapiteau de Lacaze aux sottises.<br />Tous ensemble, nous avons à cœur de vous proposer une programmation éclectique et variée, alliant concerts, spectacles de rue, marché de producteurs et d’artisans, balade naturaliste… Implanté au lac de Biron, le Festi\'Chap sera aussi l’occasion pour le public de profiter du cadre et des installations de sa base de loisirs. Un bon moment en famille ou entre amis en perspective. <br />Vivement la rentrée !</p>\r\n</body>\r\n</html>', '2020-09-25', '2020-09-26', NULL, 'Base de loisirs du Lac d’Othez Biron', 1, '2020-03-02 13:54:04', NULL, NULL, NULL, NULL, NULL, 'web.10.2.chap.jpg', 'web.10.2.chap.jpg', 'image/jpeg', 710710, NULL, 'un chapiteau'),
(42, 'Marathon artistique', '<!DOCTYPE html>\r\n<html>\r\n<head>\r\n</head>\r\n<body>\r\n<p><span style=\"text-decoration: underline;\"><span style=\"color: #ba372a; text-decoration: underline;\">Marathon artistique - Projet de territoire</span> </span></p>\r\n<p>11h à Navarrenx<br />15h à Sauveterre-de-Béarn <br />18h à Salies-de-Béarn</p>\r\n<p>En partenariat avec les communes, La Station - CC Béarn des gaves, et l’Office du Tourisme Béarn des gaves<br /><br /><span style=\"text-decoration: underline;\"><span style=\"color: #ba372a; text-decoration: underline;\">Cie l’Homme Debout</span></span></p>\r\n<p>Il y a au cœur du travail de la compagnie l’Homme Debout la collaboration avec les habitants des lieux. Il y a l’envie de transformer l’espace public au profit d’images poétiques et oniriques. Il y a la lenteur, la recherche de légèreté. Il y a la profonde conviction que là où l’on développe l’action culturelle il fait meilleur vivre ensemble. Il y a là une frontière ténue entre imaginaire et réalité. Il y a des histoires de géants, des histoires de petites gens, des histoires d’Hommes en fait. Il n’y a pas de « il était une fois » il n’y a pas de « FIN » non plus. Il y a des poèmes et des peintures en mouvement. </p>\r\n<p><br /><span style=\"text-decoration: underline;\"><span style=\"color: #ba372a; text-decoration: underline;\">Trois semaines, trois territoires, trois sculptures</span></span></p>\r\n<p>Afin de mettre en place un projet de présence artistique sur le territoire du Béarn des Gaves, nous avons sollicité la Cie l’Homme Debout, connue pour ses marionnettes géantes, ses installations ou encore ses ateliers participatifs. L’idée est de construire avec vous, avec l’ensemble de la population, trois sculptures entièrement réalisées en osier, tel le fruit d’une innombrable succession d’assemblages de brins insignifiants, qui mettent en jeu des personnages à forme humaine. Afin que ces sculptures prennent part à la vie de notre territoire, elles seront implantées dans l’espace public apportant ainsi une touche de poésie au paysage. Elles rejoindront ainsi le coeur de Salies-de-Béarn, Sauveterre-de-Béarn et Navarrenx lors de trois inaugurations festives en présence notamment de toutes les personnes ayant participées à leurs créations. </p>\r\n<p><br /><span style=\"text-decoration: underline;\"><span style=\"color: #ba372a; text-decoration: underline;\">Atelier participatif </span></span></p>\r\n<p><span style=\"color: #000000;\">Venez prendre part à l’aventure !</span></p>\r\n<p>Du 29 septembre au 4 octobre à Salies-de-Béarn<br />Du 6 au 11 octobre à Sauveterre-de-Béarn <br />Du 13 au 17 octobre à Navarrenx <br />Les lieux restent à définir  </p>\r\n<p><em><span style=\"color: #ba372a;\">Pour le grand public lors d’ateliers ouverts</span></em><br />+ de 15 ans /- de 15 ans accompagné d\'un adulte <br />Du mardi au vendredi de 15h30 à 19h30<br />Les week-ends de 14h à 18h</p>\r\n<p><br /><em><span style=\"color: #ba372a;\">Pour les publics spécifiques</span> </em><br />De 7 à 77 ans - écoles, structures de loisirs, structures spécialisées ITEP, EPHAD, ESAT,... Sur rendez-vous en semaine de 9h30 à 12h30</p>\r\n</body>\r\n</html>', '2020-10-18', '2020-10-18', NULL, 'Navarrenx, Sauveterre-de-Béarn, Salies-de-Béarn', 1, '2020-02-16 09:05:00', NULL, NULL, NULL, NULL, NULL, 'photo11.c.hommedebout3.jpeg', 'photo11.c.hommedebout3.jpeg', 'image/jpeg', 165333, NULL, 'homme travailant sur une sculpture en osier');

-- --------------------------------------------------------

--
-- Structure de la table `front_page`
--

DROP TABLE IF EXISTS `front_page`;
CREATE TABLE IF NOT EXISTS `front_page` (
  `id` int(11) NOT NULL AUTO_INCREMENT,
  `tab_id` int(11) NOT NULL,
  `name` varchar(255) COLLATE utf8mb4_unicode_ci NOT NULL,
  `page_slug` varchar(255) COLLATE utf8mb4_unicode_ci NOT NULL,
  `template` varchar(255) COLLATE utf8mb4_unicode_ci DEFAULT NULL,
  `number` int(11) NOT NULL,
  PRIMARY KEY (`id`),
  KEY `IDX_2CDA0C4C8D0C9323` (`tab_id`)
) ENGINE=InnoDB AUTO_INCREMENT=131 DEFAULT CHARSET=utf8mb4 COLLATE=utf8mb4_unicode_ci;

--
-- Déchargement des données de la table `front_page`
--

INSERT INTO `front_page` (`id`, `tab_id`, `name`, `page_slug`, `template`, `number`) VALUES
(104, 38, 'asso', 'association/asso', '', 1),
(105, 38, 'plural-projects', 'association/projets-pluriels', 'plural_and_coop', 2),
(106, 38, 'coop', 'association/coopération-territoriale', 'plural_and_coop', 3),
(107, 38, 'team', 'association/équipe', 'equipe_adhesion', 4),
(108, 38, 'subscription', 'association/adhésion', 'equipe_adhesion', 5),
(109, 39, 'presentation', 'saison/intoduction', NULL, 6),
(110, 39, 'prog', 'saison/calendrier', 'calendar', 7),
(111, 39, 'hostedCompanies', 'saison/cies-accueillies', 'companies', 8),
(112, 39, 'area-project', 'saison/projet-de-territoire', NULL, 9),
(113, 39, 'cultural-actions', 'saison/action-culturelles', 'cultural_actions', 10),
(114, 40, 'presentation', 'festival/presentation', NULL, 11),
(115, 40, 'prog', 'festival/calendrier', 'calendar', 12),
(116, 40, 'hostedCompanies', 'festival/cies-accueillies', 'companies', 13),
(117, 40, 'pro-meeting', 'festival/rencontres-pro', NULL, 14),
(118, 40, 'arts-etc', 'festival/aux-arts-etc', NULL, 15),
(119, 40, 'cultural-actions', 'festival/actions-culturelles', NULL, 16),
(120, 40, 'infos', 'festival/infos-pratiques', NULL, 17),
(121, 41, 'presentation', 'tiers-lieu/presentation', NULL, 18),
(122, 41, 'shared-spaces', 'tiers-lieu/espaces-et-services-partages', 'shared_spaces', 19),
(123, 41, 'meetings', 'tiers-lieu/les-rendez-vous', 'meetings', 20),
(124, 41, 'curiosity', 'tiers-lieu/les-ateliers-de-curiosites', 'curiosity', 21),
(126, 43, 'volunteering', 'benevolat/benevolat', 'index', 22),
(127, 44, 'partners', 'partenaires/partenaires', 'index', 23),
(128, 45, 'support', 'soutient/soutient', NULL, 24),
(129, 46, 'contact', 'contact/contact', NULL, 25),
(130, 37, 'home', 'home', 'home', 0);

-- --------------------------------------------------------

--
-- Structure de la table `front_tab`
--

DROP TABLE IF EXISTS `front_tab`;
CREATE TABLE IF NOT EXISTS `front_tab` (
  `id` int(11) NOT NULL AUTO_INCREMENT,
  `name` varchar(255) COLLATE utf8mb4_unicode_ci NOT NULL,
  `number` int(11) NOT NULL,
  PRIMARY KEY (`id`)
) ENGINE=InnoDB AUTO_INCREMENT=47 DEFAULT CHARSET=utf8mb4 COLLATE=utf8mb4_unicode_ci;

--
-- Déchargement des données de la table `front_tab`
--

INSERT INTO `front_tab` (`id`, `name`, `number`) VALUES
(37, 'home', 1),
(38, 'association', 2),
(39, 'season', 3),
(40, 'festival', 4),
(41, 'third-location', 5),
(43, 'volunteering', 6),
(44, 'partners', 7),
(45, 'support', 8),
(46, 'contact', 9);

-- --------------------------------------------------------

--
-- Structure de la table `migration_versions`
--

DROP TABLE IF EXISTS `migration_versions`;
CREATE TABLE IF NOT EXISTS `migration_versions` (
  `version` varchar(14) COLLATE utf8mb4_unicode_ci NOT NULL,
  `executed_at` datetime NOT NULL COMMENT '(DC2Type:datetime_immutable)',
  PRIMARY KEY (`version`)
) ENGINE=InnoDB DEFAULT CHARSET=utf8mb4 COLLATE=utf8mb4_unicode_ci;

-- --------------------------------------------------------

--
-- Structure de la table `partners`
--

DROP TABLE IF EXISTS `partners`;
CREATE TABLE IF NOT EXISTS `partners` (
  `id` int(11) NOT NULL AUTO_INCREMENT,
  `name` varchar(255) COLLATE utf8mb4_unicode_ci NOT NULL,
  `updated_at` datetime DEFAULT NULL,
  `type` varchar(255) COLLATE utf8mb4_unicode_ci NOT NULL,
  `logo_name` varchar(255) COLLATE utf8mb4_unicode_ci DEFAULT NULL,
  `logo_original_name` varchar(255) COLLATE utf8mb4_unicode_ci DEFAULT NULL,
  `logo_mime_type` varchar(255) COLLATE utf8mb4_unicode_ci DEFAULT NULL,
  `logo_size` int(11) DEFAULT NULL,
  `logo_dimensions` longtext COLLATE utf8mb4_unicode_ci COMMENT '(DC2Type:simple_array)',
  PRIMARY KEY (`id`)
) ENGINE=InnoDB AUTO_INCREMENT=271 DEFAULT CHARSET=utf8mb4 COLLATE=utf8mb4_unicode_ci;

--
-- Déchargement des données de la table `partners`
--

INSERT INTO `partners` (`id`, `name`, `updated_at`, `type`, `logo_name`, `logo_original_name`, `logo_mime_type`, `logo_size`, `logo_dimensions`) VALUES
(157, 'Boucherie Charcuterie Brana', '2020-02-16 16:51:33', 'prod_dist', 'brana.png', 'brana.png', 'image/png', 51424, NULL),
(158, 'Brasserie Aguiana', NULL, 'prod_dist', NULL, NULL, NULL, NULL, NULL),
(159, 'Brasserie du Pays Basque – Bières Eguzki', '2020-02-16 16:55:34', 'prod_dist', 'eguzki.jpg', 'eguzki.jpg', 'image/jpeg', 94830, NULL),
(160, 'Casa Bio', '2020-02-16 16:57:08', 'prod_dist', 'Casa_Bio_LogoWidget.png', 'Casa_Bio_LogoWidget.png', 'image/png', 8572, NULL),
(161, 'Champagne Froment Griffon', '2020-02-16 16:59:22', 'prod_dist', 'froment griffon.png', 'froment griffon.png', 'image/png', 2115, NULL),
(162, 'Dans Mon Bocal', NULL, 'prod_dist', NULL, NULL, NULL, NULL, NULL),
(163, 'Domaine Lapeyre Guilhemas', '2020-02-16 17:02:28', 'prod_dist', NULL, NULL, NULL, NULL, NULL),
(164, 'Ferme Avicole Rey', NULL, 'prod_dist', NULL, NULL, NULL, NULL, NULL),
(165, 'Fromagerie Duprat', NULL, 'prod_dist', NULL, NULL, NULL, NULL, NULL),
(166, 'Glaces de la ferme Bailia-Mendiburu', '2020-02-16 17:06:26', 'prod_dist', 'ferme glace.jfif', 'ferme glace.jfif', 'image/jpeg', 12029, NULL),
(167, 'Jardilouit', '2020-02-16 17:07:28', 'prod_dist', 'jardilouit.jfif', 'jardilouit.jfif', 'image/jpeg', 11075, NULL),
(168, 'La Boisson de Hawa', NULL, 'prod_dist', NULL, NULL, NULL, NULL, NULL),
(169, 'La Cave d’Angèle', '2020-02-16 17:09:12', 'prod_dist', 'cave angele.jfif', 'cave angele.jfif', 'image/jpeg', 7613, NULL),
(170, 'Le Michael’Ange', NULL, 'prod_dist', NULL, NULL, NULL, NULL, NULL),
(171, 'Le Moulin de St Pé', NULL, 'prod_dist', NULL, NULL, NULL, NULL, NULL),
(172, 'Le Pré Salé', NULL, 'prod_dist', NULL, NULL, NULL, NULL, NULL),
(173, 'Les Légumes Vicassiau', NULL, 'prod_dist', NULL, NULL, NULL, NULL, NULL),
(174, 'La ferme de l’Ousse', NULL, 'prod_dist', NULL, NULL, NULL, NULL, NULL),
(175, 'Les Vergers des Pays de Monein', NULL, 'prod_dist', NULL, NULL, NULL, NULL, NULL),
(176, 'Sica Bio Pays Landais', '2020-02-16 17:13:54', 'prod_dist', 'sicabio.png', 'sicabio.png', 'image/png', 15626, NULL),
(177, 'Actisource – Résidence de la Source', NULL, 'partners', NULL, NULL, NULL, NULL, NULL),
(178, 'Aerochaux 64', NULL, 'partners', NULL, NULL, NULL, NULL, NULL),
(179, 'Aima', NULL, 'partners', NULL, NULL, NULL, NULL, NULL),
(180, 'Amaia pour Elle et Lui', NULL, 'partners', NULL, NULL, NULL, NULL, NULL),
(181, 'Anahata', NULL, 'partners', NULL, NULL, NULL, NULL, NULL),
(182, 'Atelier Katy', NULL, 'partners', NULL, NULL, NULL, NULL, NULL),
(183, 'Atelier Tendances Nature', '2020-03-02 08:56:54', 'partners', 'atelier tendances nature.jpg', 'atelier tendances nature.jpg', 'image/jpeg', 204290, NULL),
(184, 'ATM-Vap Plaisir', NULL, 'partners', NULL, NULL, NULL, NULL, NULL),
(185, 'Auberge du Relais', NULL, 'partners', NULL, NULL, NULL, NULL, NULL),
(186, 'Audilab - Audition Delmas', NULL, 'partners', NULL, NULL, NULL, NULL, NULL),
(187, 'Au Péché Mignon', NULL, 'partners', NULL, NULL, NULL, NULL, NULL),
(188, 'Auto Ecole Basco-Béarnaise', NULL, 'partners', NULL, NULL, NULL, NULL, NULL),
(189, 'Aux souvenirs du Pays', NULL, 'partners', NULL, NULL, NULL, NULL, NULL),
(190, 'Ava-Immobilier', NULL, 'partners', NULL, NULL, NULL, NULL, NULL),
(191, 'Banque Populaire Aquitaine Centre-Atlantique', NULL, 'partners', NULL, NULL, NULL, NULL, NULL),
(192, 'Béarn Immobilier', NULL, 'partners', NULL, NULL, NULL, NULL, NULL),
(193, 'Bistrot 4 grains', NULL, 'partners', NULL, NULL, NULL, NULL, NULL),
(194, 'Bik’In 64', NULL, 'partners', NULL, NULL, NULL, NULL, NULL),
(195, 'Boucherie Ihidoy', NULL, 'partners', NULL, NULL, NULL, NULL, NULL),
(196, 'Boulangerie-Pâtisserie Izan', NULL, 'partners', NULL, NULL, NULL, NULL, NULL),
(197, 'Brocante du Temple', NULL, 'partners', NULL, NULL, NULL, NULL, NULL),
(198, 'Café des Thermes', NULL, 'partners', NULL, NULL, NULL, NULL, NULL),
(199, 'Café le Bayaà', NULL, 'partners', NULL, NULL, NULL, NULL, NULL),
(200, 'Camping Les Salines', NULL, 'partners', NULL, NULL, NULL, NULL, NULL),
(201, 'Casino Hotel du Parc', NULL, 'partners', NULL, NULL, NULL, NULL, NULL),
(202, 'Charcuterie Oyharçabal', NULL, 'partners', NULL, NULL, NULL, NULL, NULL),
(203, 'Charpentes Fabre', NULL, 'partners', NULL, NULL, NULL, NULL, NULL),
(204, 'Château d’Orion', NULL, 'partners', NULL, NULL, NULL, NULL, NULL),
(205, 'Chaussures Lété', NULL, 'partners', NULL, NULL, NULL, NULL, NULL),
(206, 'Cinema Le Saleys', NULL, 'partners', NULL, NULL, NULL, NULL, NULL),
(207, 'Comité de jumelage de Salies', NULL, 'partners', NULL, NULL, NULL, NULL, NULL),
(208, 'Couleur  Salée', NULL, 'partners', NULL, NULL, NULL, NULL, NULL),
(209, 'Emmanuel Tixier –Géomètre Expert', NULL, 'partners', NULL, NULL, NULL, NULL, NULL),
(210, 'Ecole de Musique de la Communauté de communes du Béarn des gaves', NULL, 'partners', NULL, NULL, NULL, NULL, NULL),
(211, 'Epicerie d’ici', NULL, 'partners', NULL, NULL, NULL, NULL, NULL),
(212, 'Fleurs & Passion', NULL, 'partners', NULL, NULL, NULL, NULL, NULL),
(213, 'France Sécurité Surveillance', NULL, 'partners', NULL, NULL, NULL, NULL, NULL),
(214, 'Golf Club – Hôtel Hélios', NULL, 'partners', NULL, NULL, NULL, NULL, NULL),
(215, 'Imprimerie Moulia Frères', NULL, 'partners', NULL, NULL, NULL, NULL, NULL),
(216, 'Informatique Christophe Calmus', NULL, 'partners', NULL, NULL, NULL, NULL, NULL),
(217, 'ITEP Beaulieu', NULL, 'partners', NULL, NULL, NULL, NULL, NULL),
(218, 'JeanLouis Dumoulein Architecte', NULL, 'partners', NULL, NULL, NULL, NULL, NULL),
(219, 'Jules et Jeanette', NULL, 'partners', NULL, NULL, NULL, NULL, NULL),
(220, 'La Bonbonnière', NULL, 'partners', NULL, NULL, NULL, NULL, NULL),
(221, 'La Closerie du Guilhat', NULL, 'partners', NULL, NULL, NULL, NULL, NULL),
(222, 'Les Grains de Sel', NULL, 'partners', NULL, NULL, NULL, NULL, NULL),
(223, 'La Grignotine', NULL, 'partners', NULL, NULL, NULL, NULL, NULL),
(224, 'Les Jeunes de Saint Martin – Pelote', NULL, 'partners', NULL, NULL, NULL, NULL, NULL),
(225, 'Le Lodge Hôtel du Golf', NULL, 'partners', NULL, NULL, NULL, NULL, NULL),
(226, 'La Lunetterie', NULL, 'partners', NULL, NULL, NULL, NULL, NULL),
(227, 'Le Moment Librairie, Actuelburo', NULL, 'partners', NULL, NULL, NULL, NULL, NULL),
(228, 'Les Pavillons du Rooy', NULL, 'partners', NULL, NULL, NULL, NULL, NULL),
(229, 'Les Salines', NULL, 'partners', NULL, NULL, NULL, NULL, NULL),
(230, 'Le Singlar', NULL, 'partners', NULL, NULL, NULL, NULL, NULL),
(231, 'La Tour de pizza', NULL, 'partners', NULL, NULL, NULL, NULL, NULL),
(232, 'LocVaisselle 64', NULL, 'partners', NULL, NULL, NULL, NULL, NULL),
(233, 'Maif', NULL, 'partners', NULL, NULL, NULL, NULL, NULL),
(234, 'Market', NULL, 'partners', NULL, NULL, NULL, NULL, NULL),
(235, 'Martine Richard – Graphisme', NULL, 'partners', NULL, NULL, NULL, NULL, NULL),
(236, 'Menuiseries Salette', NULL, 'partners', NULL, NULL, NULL, NULL, NULL),
(237, 'MPE', NULL, 'partners', NULL, NULL, NULL, NULL, NULL),
(238, 'Musée du Sel et des Traditions Béarnaises – Amis du Vieux Salies', NULL, 'partners', NULL, NULL, NULL, NULL, NULL),
(239, 'Optique 2000', NULL, 'partners', NULL, NULL, NULL, NULL, NULL),
(240, 'Orphéon Salies de Béarn', NULL, 'partners', NULL, NULL, NULL, NULL, NULL),
(241, 'Pêche Chasse Passion', NULL, 'partners', NULL, NULL, NULL, NULL, NULL),
(242, 'Point Vert', NULL, 'partners', NULL, NULL, NULL, NULL, NULL),
(243, 'Restaurant les Voisins', NULL, 'partners', NULL, NULL, NULL, NULL, NULL),
(244, 'Scierie Sahores', NULL, 'partners', NULL, NULL, NULL, NULL, NULL),
(245, 'Snack Atlas', NULL, 'partners', NULL, NULL, NULL, NULL, NULL),
(246, 'Stock Factory', NULL, 'partners', NULL, NULL, NULL, NULL, NULL),
(247, 'Tabac Presse du Bayaà', NULL, 'partners', NULL, NULL, NULL, NULL, NULL),
(248, 'Thermes de Salies de Béarn', NULL, 'partners', NULL, NULL, NULL, NULL, NULL),
(249, 'Tout Faire Matériaux - Lagune Frères', NULL, 'partners', NULL, NULL, NULL, NULL, NULL),
(250, 'Trans Béarn Ets Lavigne', NULL, 'partners', NULL, NULL, NULL, NULL, NULL),
(251, 'Verjad', NULL, 'partners', NULL, NULL, NULL, NULL, NULL),
(252, 'Voyage Laulhé', NULL, 'partners', NULL, NULL, NULL, NULL, NULL),
(253, 'Ville d\'Orion', '2020-03-02 09:21:15', 'partners', '00.logo orion.tif', '00.logo orion.tif', 'image/tiff', 381852, NULL),
(254, 'Ville de Salies de Béarn', '2020-03-02 09:21:39', 'partners', '01.salies.tif', '01.salies.tif', 'image/tiff', 333408, NULL),
(255, 'Communauté de communes du Béarn des Gaves', '2020-03-02 09:23:07', 'partners', '02.logo-communaute de commune.png', '02.logo-communaute de commune.png', 'image/png', 41563, NULL),
(256, 'Département des Pyrénées Atlantiques', '2020-03-02 09:25:49', 'partners', '04.logo-le64.jpg', '04.logo-le64.jpg', 'image/jpeg', 63127, NULL),
(257, 'Région Nouvelle-Aquitaine', '2020-03-02 09:26:11', 'partners', '05.regionlogo_na_horiz_QUADRI_2019.png', '05.regionlogo_na_horiz_QUADRI_2019.png', 'image/png', 110129, NULL),
(258, 'Direction régionale des affaires culturelles Nouvelle-Aquitaine', '2020-03-02 09:26:52', 'partners', '06.DRAC-Prefecture-Region-Nouvelle-Aquitaine.jpg', '06.DRAC-Prefecture-Region-Nouvelle-Aquitaine.jpg', 'image/jpeg', 43754, NULL),
(259, 'Ministère de l\'Éducation Nationale', '2020-03-02 09:28:39', 'partners', '07.DDCS.men pour la jeunesse et l\'engagement.jpg', '07.DDCS.men pour la jeunesse et l\'engagement.jpg', 'image/jpeg', 61610, NULL),
(260, 'Direction régionale de l\'Environnement, de l\'Aménagement et du Logement', '2020-03-02 09:30:03', 'partners', '08.dreal_nouvelle-aquitaine.jpg', '08.dreal_nouvelle-aquitaine.jpg', 'image/jpeg', 113503, NULL),
(261, 'Office Artistique de la région Nouvelle-Aquitaine', '2020-03-02 09:31:00', 'partners', '09.oara_rvb.png', '09.oara_rvb.png', 'image/png', 72956, NULL),
(262, 'Groupe Caisse des Dépôts', '2020-03-02 09:32:40', 'partners', '10.caisse.depotMECENAT_CMJN.jpg', '10.caisse.depotMECENAT_CMJN.jpg', 'image/jpeg', 1137164, NULL),
(263, 'Grand’ Rue-Fédération Régionale des arts de la rue en Nouvelle-Aquitaine', '2020-03-02 09:34:42', 'partners', '11.FNAR-grandrue-logo-1.png', '11.FNAR-grandrue-logo-1.png', 'image/png', 101690, NULL),
(264, 'Fabriques Réunies', '2020-03-02 09:36:46', 'partners', '12.FabReuniesOK.png', '12.FabReuniesOK.png', 'image/png', 29760, NULL),
(265, 'Syndicat des Cirques et Compagnies de Création-Synavi', '2020-03-02 09:37:47', 'partners', '13.entete_scc_synavi.jpg', '13.entete_scc_synavi.jpg', 'image/jpeg', 119849, NULL),
(266, 'CPIE Béarn', '2020-03-02 09:39:02', 'partners', '14.CPIE Béarn grand.jpg', '14.CPIE Béarn grand.jpg', 'image/jpeg', 612569, NULL),
(267, 'France Bleu Béarn', '2020-03-02 09:40:11', 'partners', 'France_Bleu_Béarn_logo_2015.svg.png', 'France_Bleu_Béarn_logo_2015.svg.png', 'image/png', 57858, NULL),
(268, 'Voix du Béarn', '2020-03-02 09:40:37', 'partners', '16.Logo VDB.jpg', '16.Logo VDB.jpg', 'image/jpeg', 37972, NULL),
(269, 'Association Presse Purée', '2020-03-02 09:42:47', 'partners', '17.logo-presse-purée.jpg', '17.logo-presse-purée.jpg', 'image/jpeg', 671947, NULL),
(270, 'Factotum', '2020-03-02 09:43:27', 'partners', '18.factotum logo.tif', '18.factotum logo.tif', 'image/tiff', 219688, NULL);

-- --------------------------------------------------------

--
-- Structure de la table `performance`
--

DROP TABLE IF EXISTS `performance`;
CREATE TABLE IF NOT EXISTS `performance` (
  `id` int(11) NOT NULL AUTO_INCREMENT,
  `company_id` int(11) NOT NULL,
  `event_id` int(11) DEFAULT NULL,
  `city_show` varchar(255) COLLATE utf8mb4_unicode_ci NOT NULL,
  `place_show` varchar(255) COLLATE utf8mb4_unicode_ci NOT NULL,
  `date` datetime NOT NULL,
  `price` double DEFAULT NULL,
  `is_highlight` tinyint(1) NOT NULL,
  PRIMARY KEY (`id`),
  KEY `IDX_82D79681979B1AD6` (`company_id`),
  KEY `IDX_82D7968171F7E88B` (`event_id`)
) ENGINE=InnoDB AUTO_INCREMENT=308 DEFAULT CHARSET=utf8mb4 COLLATE=utf8mb4_unicode_ci;

--
-- Déchargement des données de la table `performance`
--

INSERT INTO `performance` (`id`, `company_id`, `event_id`, `city_show`, `place_show`, `date`, `price`, `is_highlight`) VALUES
(247, 86, 32, 'Orion', 'Maison Lacaze', '2020-03-21 18:00:00', NULL, 0),
(248, 101, 29, 'Lucq-de-Béarn', 'Salle polyvalente', '2020-04-04 18:00:00', 10, 0),
(249, 102, 36, 'Saint-Pé-de-Léren', 'Salle communale', '2020-04-16 20:00:00', 5, 0),
(250, 103, 34, 'Salies-de-Béarn', 'Théâtre du Rooy', '2020-04-25 19:00:00', NULL, 0),
(251, 104, 34, 'Salies-de-Béarn', 'Théâtre du Rooy', '2020-04-25 20:00:00', NULL, 0),
(252, 105, 35, 'Mourenx', 'Parc paysager - Repli en cas de pluie à la salle Blazy', '2020-05-09 17:00:00', NULL, 0),
(253, 106, 35, 'Mourenx', 'Parc paysager - Repli en cas de pluie à la salle Blazy', '2020-05-09 18:00:00', NULL, 0),
(254, 107, 35, 'Mourenx', 'Parc paysager - Repli en cas de pluie à la salle Blazy', '2020-05-09 18:00:00', NULL, 0),
(255, 108, 35, 'Mourenx', 'Parc paysager - Repli en cas de pluie à la salle Blazy', '2020-05-09 20:00:00', NULL, 0),
(256, 109, 29, 'Sorde-l’Abbay', 'L’Abbaye', '2020-05-29 19:30:00', NULL, 1),
(257, 110, 29, 'Sauveterre-de-Béarn', 'Quartier du Vieux Lavoir', '2020-07-01 18:30:00', NULL, 1),
(258, 111, 29, '?', '?', '2020-11-07 19:00:00', 10, 1),
(259, 112, 29, 'Préchacq-Navarrenx', 'Salle communale', '2020-11-20 19:30:00', NULL, 1),
(260, 113, 29, 'Bougarber', 'Salle des Arcades', '2020-12-05 20:30:00', 10, 1),
(261, 114, 29, 'Baigts-de-Béarn', 'Salle de l’Amicale Laïque', '2020-12-18 19:30:00', NULL, 1),
(262, 115, 31, 'Orion', 'Maison Lacaze', '2020-03-07 19:30:00', NULL, 0),
(263, 116, 31, 'Orion', 'Maison Lacaze', '2020-05-16 19:30:00', NULL, 0),
(264, 117, 31, 'Orion', 'Château d\'Orion', '2020-07-13 19:30:00', NULL, 0),
(265, 118, 31, 'Orion', 'Maison Lacaze', '2020-07-18 19:30:00', NULL, 0),
(266, 119, 31, 'Orion', 'Maison Lacaze', '2020-09-19 19:30:00', NULL, 0),
(267, 120, 31, 'Orion', 'Maison Lacaze', '2020-10-24 19:30:00', NULL, 0),
(272, 115, 37, 'Orion', 'Maison Lacaze', '2020-06-06 10:00:00', NULL, 0),
(274, 115, 41, 'Orthez', 'Lac de Biron', '2020-09-25 00:00:00', NULL, 0),
(275, 115, 42, 'Navarrenx, Sauveterre-de-Béarn, Salies-de-Béarn', 'Navarrenx, Sauveterre-de-Béarn, Salies-de-Béarn', '2020-10-18 00:00:00', NULL, 0),
(279, 128, 38, 'Sorde-l’Abbay', 'Abbaye Saint Jean', '2020-07-20 21:00:00', NULL, 0),
(280, 128, 38, 'Oraàs', 'Préau de la salle communale', '2020-07-22 21:00:00', NULL, 0),
(281, 129, 38, 'Puyoô', 'Place de la mairie', '2020-07-21 21:00:00', NULL, 0),
(282, 129, 38, 'Araux', 'Place de la mairie', '2020-07-23 21:00:00', NULL, 0),
(283, 130, 30, 'Salies-de-Béarn', 'Salies-de-Béarn', '2020-07-24 15:00:00', NULL, 0),
(284, 130, 30, 'Salies-de-Béarn', 'Salies-de-Béarn', '2020-07-26 15:00:00', NULL, 0),
(285, 131, 30, 'Salies-de-Béarn', 'Salies-de-Béarn', '2020-07-24 19:30:00', NULL, 0),
(286, 132, 30, 'Salies-de-Béarn', 'Salies-de-Béarn', '2020-07-24 21:00:00', NULL, 0),
(287, 132, 30, 'Salies-de-Béarn', 'Salies-de-Béarn', '2020-07-25 18:00:00', NULL, 0),
(288, 133, 30, 'Salies-de-Béarn', 'Salies-de-Béarn', '2020-07-25 21:00:00', NULL, 0),
(289, 133, 30, 'Salies-de-Béarn', 'Salies-de-Béarn', '2020-07-26 18:00:00', NULL, 0),
(290, 134, 30, 'Salies-de-Béarn', 'Salies-de-Béarn', '2020-07-26 11:00:00', NULL, 0),
(291, 135, 30, 'Salies-de-Béarn', 'Salies-de-Béarn', '2020-07-26 12:30:00', NULL, 0),
(292, 136, 30, 'Salies-de-Béarn', 'Salies-de-Béarn', '2020-07-25 21:00:00', NULL, 0),
(293, 136, 30, 'Salies-de-Béarn', 'Salies-de-Béarn', '2020-07-24 21:30:00', NULL, 0),
(294, 137, 30, 'Salies-de-Béarn', 'Salies-de-Béarn', '2020-07-24 22:30:00', NULL, 0),
(295, 137, 30, 'Salies-de-Béarn', 'Salies-de-Béarn', '2020-07-25 22:30:00', NULL, 0),
(296, 109, 30, 'Salies-de-Béarn', 'Salies-de-Béarn', '2020-07-24 21:00:00', NULL, 0),
(297, 109, 30, 'Salies-de-Béarn', 'Salies-de-Béarn', '2020-07-25 18:00:00', NULL, 0),
(298, 138, 30, 'Salies-de-Béarn', 'Salies-de-Béarn', '2020-07-24 23:30:00', NULL, 0),
(299, 139, 30, 'Salies-de-Béarn', 'Salies-de-Béarn', '2020-07-25 19:30:00', NULL, 0),
(300, 140, 30, 'Salies-de-Béarn', 'Salies-de-Béarn', '2020-07-25 22:30:00', NULL, 0),
(301, 141, 30, 'Salies-de-Béarn', 'Salies-de-Béarn', '2020-07-25 23:30:00', NULL, 0),
(302, 142, 30, 'Salies-de-Béarn', 'Salies-de-Béarn', '2020-07-26 18:00:00', NULL, 0),
(303, 143, 30, 'Salies-de-Béarn', 'Salies-de-Béarn', '2020-07-26 19:30:00', NULL, 0),
(304, 144, 30, 'Salies-de-Béarn', 'Salies-de-Béarn', '2020-07-26 21:00:00', NULL, 0),
(305, 145, 30, 'Salies-de-Béarn', 'Salies-de-Béarn', '2020-07-26 22:30:00', NULL, 0);

-- --------------------------------------------------------

--
-- Structure de la table `press_document`
--

DROP TABLE IF EXISTS `press_document`;
CREATE TABLE IF NOT EXISTS `press_document` (
  `id` int(11) NOT NULL AUTO_INCREMENT,
  `name` varchar(255) COLLATE utf8mb4_unicode_ci NOT NULL,
  `file_type` varchar(255) COLLATE utf8mb4_unicode_ci NOT NULL,
  `updated_at` datetime DEFAULT NULL,
  `document_name` varchar(255) COLLATE utf8mb4_unicode_ci DEFAULT NULL,
  `document_original_name` varchar(255) COLLATE utf8mb4_unicode_ci DEFAULT NULL,
  `document_mime_type` varchar(255) COLLATE utf8mb4_unicode_ci DEFAULT NULL,
  `document_size` int(11) DEFAULT NULL,
  `document_dimensions` longtext COLLATE utf8mb4_unicode_ci COMMENT '(DC2Type:simple_array)',
  PRIMARY KEY (`id`)
) ENGINE=InnoDB AUTO_INCREMENT=6 DEFAULT CHARSET=utf8mb4 COLLATE=utf8mb4_unicode_ci;

--
-- Déchargement des données de la table `press_document`
--

INSERT INTO `press_document` (`id`, `name`, `file_type`, `updated_at`, `document_name`, `document_original_name`, `document_mime_type`, `document_size`, `document_dimensions`) VALUES
(4, 'eeee', 'image', '2020-02-07 10:26:44', '9.mare.1.JPG', '9.mare.1.JPG', 'image/jpeg', 6832744, NULL),
(5, 'kuyjf', 'file', '2020-02-07 10:43:45', 'photo.20..centre.ressrouces..JPG', 'photo.20..centre.ressrouces..JPG', 'image/jpeg', 675409, NULL);

-- --------------------------------------------------------

--
-- Structure de la table `section`
--

DROP TABLE IF EXISTS `section`;
CREATE TABLE IF NOT EXISTS `section` (
  `id` int(11) NOT NULL AUTO_INCREMENT,
  `belong_to_page_id` int(11) NOT NULL,
  `name` varchar(255) COLLATE utf8_unicode_ci NOT NULL,
  `title` varchar(255) COLLATE utf8_unicode_ci DEFAULT NULL,
  `sub_title` varchar(255) COLLATE utf8_unicode_ci DEFAULT NULL,
  `appearance_order` int(11) NOT NULL,
  `content` longtext COLLATE utf8_unicode_ci NOT NULL,
  `updated_at` datetime DEFAULT NULL,
  `image_name` varchar(255) COLLATE utf8_unicode_ci DEFAULT NULL,
  `image_original_name` varchar(255) COLLATE utf8_unicode_ci DEFAULT NULL,
  `image_mime_type` varchar(255) COLLATE utf8_unicode_ci DEFAULT NULL,
  `image_size` int(11) DEFAULT NULL,
  `image_dimensions` longtext COLLATE utf8_unicode_ci COMMENT '(DC2Type:simple_array)',
  `image_description` varchar(255) COLLATE utf8_unicode_ci DEFAULT NULL,
  PRIMARY KEY (`id`),
  KEY `IDX_2D737AEFD261FDD1` (`belong_to_page_id`)
) ENGINE=InnoDB AUTO_INCREMENT=542 DEFAULT CHARSET=utf8 COLLATE=utf8_unicode_ci;

--
-- Déchargement des données de la table `section`
--

INSERT INTO `section` (`id`, `belong_to_page_id`, `name`, `title`, `sub_title`, `appearance_order`, `content`, `updated_at`, `image_name`, `image_original_name`, `image_mime_type`, `image_size`, `image_dimensions`, `image_description`) VALUES
(402, 122, 'intro', NULL, NULL, 1, '<!DOCTYPE html>\r\n<html>\r\n<head>\r\n</head>\r\n<body>\r\n<p>Conçu comme un lieu de rencontre et de partage pour penser l’imaginaire collectif, la Maison LAcaze vous ouvre ses portes et met à votre disposition ses différents espaces.</p>\r\n<p>Le Tiers Lieu est ouvert du lundi au vendredi de 9h à 17h</p>\r\n<p>L’adhésion à Lacaze aux sottises est obligatoire pour tout accès au lieu et à ses activités</p>\r\n<p>Adhésion structure 50 euros / Adhésion individuelle prix libre à partir de 5 euros</p>\r\n<p>Pour + d’infos, pour les réservations ou les prix des locations, merci de nous contacter.</p>\r\n</body>\r\n</html>', NULL, NULL, NULL, NULL, NULL, NULL, NULL),
(403, 118, 'Aut sit voluptas consequatur rerum.', 'Porro molestiae est excepturi.', 'Ex consequatur.', 1, 'Necessitatibus necessitatibus qui est et. Odio alias sed eaque.', NULL, NULL, NULL, NULL, NULL, NULL, NULL),
(404, 121, 'Presentation', 'Développement durable au coeur de la constellation d’Orion', NULL, 1, '<!DOCTYPE html>\r\n<html>\r\n<head>\r\n</head>\r\n<body>\r\n<p>Après avoir sillonné le territoire pour aller au plus près de la population, Lacaze aux sottises décide d’aller plus loin dans sa démarche citoyenne, sociale, écologique et solidaire - principes chevillés au corps du projet depuis ses débuts, Lacaze aux sottises ouvre les portes de son lieu hybride, la maison LAcaze au sein d’un ancien corps de ferme datant du 18ème siècle.</p>\r\n<p>Lacaze aux sottises prend plaisir à créer le dialogue entre les cultures - culture du spectacle vivant, culture du vivant végétal, culture individuelle et collective, culture citoyenne, culture sociale, culture locale…</p>\r\n<p>En s’appuyant sur ses trois secteurs activités le spectacle vivant, le développement durable, la médiation dans une dynamique d’éducation populaire, Lacaze aux sottises propose un lieu en faveur de la cohésion sociale afin de créer, innover, expérimenter et faire ensemble !</p>\r\n<p>Situé à Orion, il s’agit d’un Tiers Lieu pensé tel</p>\r\n<p>…. un éco lieu dans son fonctionnement au travers de sa réflexion autour de l’eau – phytoépuration, récupération des eaux de pluie ; de l’énergie – pompe solaire, panneau solaire thermique ; des déchets – tri sélectif et recyclage ; de l’agroécologie – jardin et verger pédagogiques, engrais naturel, moutons, canards, mare,...</p>\r\n<p><strong>… un centre social en milieu rural aux travers de ses espaces et services partagés ou encore de ses activités pédagogiques.</strong></p>\r\n</body>\r\n</html>', '2020-03-02 14:57:09', 'web.i.vue.globale3..jpg', 'web.i.vue.globale3..jpg', 'image/jpeg', 638875, NULL, 'Maison lacaze'),
(405, 112, 'intro', NULL, NULL, 1, '<!DOCTYPE html>\r\n<html>\r\n<head>\r\n</head>\r\n<body>\r\n<p class=\"Textbody\" style=\"margin-bottom: .0001pt; line-height: normal;\"><span style=\"font-size: 11.0pt; font-family: \'Helvetica\',sans-serif; color: black;\">Dimanche 18 octobre</span></p>\r\n<p class=\"Textbody\" style=\"margin-bottom: .0001pt; line-height: normal;\"><span style=\"font-size: 11.0pt; font-family: \'Helvetica\',sans-serif; color: black;\">Navarrenx, Sauveterre-de-Béarn, Salies-de-Béarn</span></p>\r\n<p class=\"Textbody\" style=\"margin-bottom: .0001pt; line-height: normal;\"><span style=\"font-size: 11.0pt; font-family: \'Helvetica\',sans-serif; color: black;\"> </span></p>\r\n<p class=\"Textbody\" style=\"margin-bottom: .0001pt; line-height: normal;\"><span style=\"font-size: 11.0pt; font-family: \'Helvetica\',sans-serif; color: black;\"> </span></p>\r\n<p class=\"Textbody\" style=\"margin-bottom: .0001pt; line-height: normal;\"><span style=\"font-size: 11.0pt; font-family: \'Helvetica\',sans-serif; color: black;\">Marathon artistique - Projet de territoire</span></p>\r\n<p class=\"Textbody\" style=\"margin-bottom: .0001pt; line-height: normal;\"><span style=\"font-size: 11.0pt; font-family: \'Helvetica\',sans-serif; color: black;\">11h à Navarrenx</span></p>\r\n<p class=\"Textbody\" style=\"margin-bottom: .0001pt; line-height: normal;\"><span style=\"font-size: 11.0pt; font-family: \'Helvetica\',sans-serif; color: black;\">15h à Sauveterre-de-Béarn</span></p>\r\n<p class=\"Textbody\" style=\"margin-bottom: .0001pt; line-height: normal;\"><span style=\"font-size: 11.0pt; font-family: \'Helvetica\',sans-serif; color: black;\">18h à Salies-de-Béarn</span></p>\r\n<p class=\"Textbody\" style=\"margin-bottom: .0001pt; line-height: normal;\"><span style=\"font-size: 11.0pt; font-family: \'Helvetica\',sans-serif; color: black;\"> </span></p>\r\n<p class=\"Textbody\" style=\"margin-bottom: .0001pt; line-height: normal;\"><span style=\"font-size: 11.0pt; font-family: \'Helvetica\',sans-serif; color: black;\">En partenariat avec les communes, l</span><span style=\"font-size: 11.0pt; font-family: \'Helvetica\',sans-serif; color: black;\">a Station - CC Béarn des gaves </span><span style=\"font-size: 11.0pt; font-family: \'Helvetica\',sans-serif; color: black;\">et l’Office du Tourisme Béarn des gaves</span></p>\r\n</body>\r\n</html>', '2020-01-27 14:54:27', 'photo11.c.hommedebout3.jpeg', 'photo11.c.hommedebout3.jpeg', 'image/jpeg', 165333, NULL, 'artiste réalisant une sculpture'),
(406, 124, 'intro', NULL, NULL, 1, '<!DOCTYPE html>\r\n<html>\r\n<head>\r\n</head>\r\n<body>\r\n<p>Afin de privilégier les découvertes, les expérimentations et l’échange de savoir-faire, Lacaze aux sottises propose des cycles d’ateliers, dans une dynamique d’éducation populaire.</p>\r\n<p>L’adhésion à Lacaze aux sottises est obligatoire pour accéder aux ateliers du Tiers Lieu<br />Adhésion individuelle prix libre à partir de 5 €<br />La majorité des ateliers a lieu à Orion, le cas contraire est précisé.<br />Inscription auprès de <a href=\"mailto:lacazeauxsottises@gmail.com\">lacazeauxsottises@gmail.com</a>, 05 59 38 68 71</p>\r\n</body>\r\n</html>', NULL, NULL, NULL, NULL, NULL, NULL, NULL),
(407, 118, 'A eum natus officia laudantium.', 'Aliquam deleniti rerum qui vitae.', 'Et explicabo possimus.', 1, 'Officia fugit iste et et. Totam repellendus provident voluptatem. Repellendus necessitatibus hic ipsa doloribus. Qui accusamus et odio explicabo quam accusamus. Sint quia fuga autem impedit perspiciatis.', NULL, NULL, NULL, NULL, NULL, NULL, NULL),
(411, 119, 'Dolor assumenda ut.', 'Vitae odit magnam omnis.', 'Rerum earum.', 5, 'Corporis recusandae ad omnis explicabo expedita sed et quis. Facilis a eum et.', NULL, NULL, NULL, NULL, NULL, NULL, NULL),
(412, 129, 'infos', NULL, NULL, 1, '<!DOCTYPE html>\r\n<html>\r\n<head>\r\n</head>\r\n<body>\r\n<p>Le siège social au 46, avenue des Docteurs Foix 64270 Salies-de-Béarn</p>\r\n<p>Les bureaux Maison LAcaze 11 route de Lasbordes 64390 Orion</p>\r\n<p>05 59 38 68 71 - lacazeauxsottises@gmail.com</p>\r\n<p>Du lundi au vendredi 9h/12h - 14h/17h</p>\r\n<p>Agréée Jeunesse et Education Populaire sous le n°64.1204, reconnue d\'intérêt général</p>\r\n<p>SIRET 51007391900035 - APE 9001Z - N° de licence 3-1104659 / 2-1104660 / 1-11122925</p>\r\n<p>Rejoignez-nous sur Facebook et sur www.lacaze-aux-sottises.org</p>\r\n</body>\r\n</html>', NULL, NULL, NULL, NULL, NULL, NULL, NULL),
(413, 117, 'Et cupiditate ea.', 'In ab facere sunt.', 'Omnis ut et fugiat.', 6, 'Animi nihil impedit voluptatum qui. Laboriosam laborum doloribus iusto ipsum suscipit. Qui tempora qui qui alias itaque esse.', NULL, NULL, NULL, NULL, NULL, NULL, NULL),
(414, 128, 'être adhérant', 'Être adhérent', NULL, 1, '<!DOCTYPE html>\r\n<html>\r\n<head>\r\n</head>\r\n<body>\r\n<p class=\"Textbody\" style=\"margin-bottom: .0001pt; text-align: justify; line-height: normal;\"><span style=\"font-size: 11.0pt; font-family: \'Helvetica\',sans-serif; color: black;\">Adhérer à Lacaze aux sottises : </span></p>\r\n<p class=\"Textbody\" style=\"margin-bottom: .0001pt; text-align: justify; line-height: normal;\"> </p>\r\n<ul>\r\n<li class=\"Textbody\" style=\"text-align: justify; line-height: normal;\"><span style=\"font-size: 11.0pt; font-family: \'Helvetica\',sans-serif; color: black;\">C\'est soutenir un projet humain, militant et formidablement curieux.</span></li>\r\n<li class=\"Textbody\" style=\"text-align: justify; line-height: normal;\"><span style=\"font-size: 11.0pt; font-family: \'Helvetica\',sans-serif; color: black;\">C\'est contribuer à la vie associative en prenant part aux instances décisionnaires - conseil d’administration, AG, commission,..</span></li>\r\n<li class=\"Textbody\" style=\"text-align: justify; line-height: normal;\"><span style=\"font-size: 11.0pt; font-family: \'Helvetica\',sans-serif; color: black;\">C\'est accéder aux services et activités – espaces partagés du Tiers Lieu, parc de matériel, soirées du Tiers Lieu, ateliers de curiosité, formations, rendez-vous des producteurs, aux commandes groupées, des ventes de plants et de légumes proposées par l\'éco-lieu,...</span></li>\r\n</ul>\r\n</body>\r\n</html>', NULL, NULL, NULL, NULL, NULL, NULL, NULL),
(415, 105, 'intro', NULL, NULL, 1, '<!DOCTYPE html>\r\n<html>\r\n<head>\r\n</head>\r\n<body>\r\n<p>«La culture prend des formes diverses à travers le temps et l’espace. Cette diversité s’incarne dans l’originalité et la pluralité des identités qui caractérisent les groupes et les sociétés composant l’humanité. Source d’échanges, d’innovation et de créativité, la diversité culturelle est, pour le genre humain, aussi nécessaire que l’est la biodiversité dans l’ordre du vivant. En ce sens, elle constitue le patrimoine commun de l’humanité et elle doit être reconnue et affirmée au bénéfice des générations présentes et des générations futures.»</p>\r\n<p dir=\"ltr\" style=\"text-align: right;\">Article 1 de la déclaration Universelle de l’UNESCO sur la diversité culturelle, Mexico-mai 2001</p>\r\n</body>\r\n</html>', NULL, NULL, NULL, NULL, NULL, NULL, NULL),
(416, 116, 'Error rerum accusantium laborum veniam iure.', 'Possimus cumque.', 'Provident nemo asperiores.', 5, 'A molestiae aliquam aut voluptate velit et et. Officia consequatur in et aut hic. Maxime nemo rerum in dolores molestias earum.', NULL, NULL, NULL, NULL, NULL, NULL, NULL),
(417, 107, 'CA', 'CONSEIL D\'ADMINISTRATION', NULL, 1, '<!DOCTYPE html>\r\n<html>\r\n<head>\r\n</head>\r\n<body>\r\n<p class=\"Standard\"><span style=\"font-size: 11.0pt; font-family: \'Helvetica\',sans-serif; color: black;\">Le conseil d’administration de Lacaze aux sottises, composé de 9 membres, pour beaucoup investis depuis le début, constitue le pivot décisionnaire du projet. De par la pluralité de leurs compétences, les membres du CA interviennent sur différents postes - relation aux partenaires, comptabilité, secrétariat, communication, technique,...</span></p>\r\n</body>\r\n</html>', NULL, NULL, NULL, NULL, NULL, NULL, NULL),
(418, 119, 'Eveniet perspiciatis et et sed.', 'Maiores et dignissimos.', 'Mollitia non enim ad.', 4, 'Aliquid maiores ipsa esse ullam cupiditate. Voluptatem deserunt doloremque magnam et impedit quo. Vel deserunt eius architecto commodi eum at. Facilis inventore vero animi unde doloribus.', NULL, NULL, NULL, NULL, NULL, NULL, NULL),
(419, 117, 'Dolor vel consectetur debitis.', 'Animi tempore ut ut exercitationem.', 'Quia ad quas ut.', 6, 'Ut ducimus suscipit quia nostrum veritatis saepe ex. Aut neque sit numquam vel est sunt ab. Cupiditate excepturi non saepe in voluptatem vel rem quaerat. Magni aut eaque vel deleniti.', NULL, NULL, NULL, NULL, NULL, NULL, NULL),
(421, 124, 'all year', 'Le chœur des sottises', 'Maison LAcaze d\'Orion', 2, '<!DOCTYPE html>\r\n<html>\r\n<head>\r\n</head>\r\n<body>\r\n<p>1 samedi par mois de 10h à 13h + 12 ans</p>\r\n<p>Séance découverte le samedi 21 mars 2020 - prix libre à partir de 6 €<br />Reprise en septembre 2020 - 120 € à l\'année de sept à juin</p>\r\n<p>Un voyage vocal autour des chants du monde, avec polyrythmies et polyphonies, des chorégraphies aux petits oignons et une équipe déjantée ! Venez nous rejoindre au sein du Chœur des Sottises pour une année enchantée et partagée hors du commun !</p>\r\n</body>\r\n</html>', '2020-03-02 15:05:26', 'web.32.lieu.vie.chorale.1.jpg', 'web.32.lieu.vie.chorale.1.jpg', 'image/jpeg', 188364, NULL, 'répition de la chorale à la maison lacaze'),
(422, 120, 'Vel quod dolorem perspiciatis.', 'Quis asperiores non qui.', 'Natus qui.', 8, 'Deleniti in quis hic. Ab architecto quas illum cum aut.', NULL, NULL, NULL, NULL, NULL, NULL, NULL),
(423, 120, 'Doloremque unde fuga nostrum.', 'Dolorem dicta repellendus dolorum.', 'Dolorem molestiae aut.', 7, 'Qui dolore nobis in autem dicta adipisci. Perspiciatis ut vel quibusdam voluptatem consequuntur voluptatem. Possimus magnam earum non explicabo voluptas et.', NULL, NULL, NULL, NULL, NULL, NULL, NULL),
(425, 105, 'top', 'PROJET ASSOCIATIF', NULL, 2, '<!DOCTYPE html>\r\n<html>\r\n<head>\r\n</head>\r\n<body>\r\n<p class=\"Standard\"><span style=\"font-size: 11.0pt; font-family: \'Helvetica\',sans-serif; color: black;\">Lacaze aux sottises propose un projet au service de la cohésion sociale, à travers une mise en oeuvre éthique, une gouvernance démocratique, une dynamique de développement fondée sur un ancrage territorial et une mobilisation citoyenne. En encourageant l’hybridation entre culture, environnement et éducation populaire, Lacaze aux sottises entend favoriser l’inclusion et l’implication de tous dans un esprit de coopération et de solidarité. L’association participe largement au dynamisme social et économique de son territoire, dans une démarche de faire société ensemble. Lacaze aux sottises est un laboratoire d’idées et d’expérimentations pour une société plus juste, plus fraternelle et plus démocratique.</span></p>\r\n</body>\r\n</html>', NULL, NULL, NULL, NULL, NULL, NULL, NULL),
(427, 104, 'AGITATEUR DE CURIOSITE', 'Agitateur de curiosité', NULL, 1, '<!DOCTYPE html>\r\n<html>\r\n<head>\r\n</head>\r\n<body>\r\n<p class=\"Standard\" dir=\"ltr\" style=\"text-align: justify;\">Depuis<span style=\"font-size: 11pt; font-family: helvetica, arial, sans-serif;\"> 2009, <span style=\"color: #000000;\">Lacaze aux sottises</span> s’investit en itinérance dans la mise en place de projets artistiques, festifs et populaires, en partenariat avec de nombreux acteurs, au travers de sa saison territoriale dont le festival Fête des sottises ! ou encore des lieux de fabrique, afin de contribuer à la diversité culturelle, à la qualité de vie et à l’attractivité de son territoire.</span></p>\r\n</body>\r\n</html>', '2020-03-02 14:07:10', 'web.c.ciekiroul.fetedubois.jpg', 'web.c.ciekiroul.fetedubois.jpg', 'image/jpeg', 337772, NULL, 'foule de gens qui regardent un spectacle en plein air'),
(428, 115, 'Vero excepturi nihil harum sit et.', 'Rerum quasi possimus.', 'Qui voluptatem asperiores.', 9, 'Soluta distinctio placeat nesciunt quam hic perspiciatis. Est neque ipsam sequi. Error consequatur vero sint qui rerum vel aut provident.', NULL, NULL, NULL, NULL, NULL, NULL, NULL),
(429, 120, 'Qui at molestiae commodi.', 'Distinctio commodi dolorem voluptas.', 'Itaque vel voluptatibus vero.', 0, 'Et tempore enim eius. Maiores laboriosam qui pariatur nam minus architecto consequatur animi. Nulla voluptate iste enim. Architecto aliquid amet eveniet voluptatem.', NULL, NULL, NULL, NULL, NULL, NULL, NULL),
(430, 126, 'intro', NULL, NULL, 1, '<!DOCTYPE html>\r\n<html>\r\n<head>\r\n</head>\r\n<body>\r\n<p class=\"Standard\" style=\"text-align: justify;\"><span style=\"font-size: 11.0pt; font-family: \'Helvetica\',sans-serif;\">Sans l\'engagement citoyen de bénévoles, la culture pour tous en milieu rural ne pourrait exister. Alors si vous pensez que cette dernière doit être un pilier fort de nos sociétés, n\'hésitez plus ! Venez prendre part à la vie associative de Lacaze aux sottises, une grande aventure collective où chacun s\'investit à sa façon, <span style=\"color: black;\">des moments d\'échange, de transmission, de partage et de franche rigolade !</span></span></p>\r\n</body>\r\n</html>', NULL, NULL, NULL, NULL, NULL, NULL, NULL),
(431, 107, 'Bénévoles', 'BÉNÉVOLES', NULL, 2, '<!DOCTYPE html>\r\n<html>\r\n<head>\r\n</head>\r\n<body>\r\n<p class=\"Standard\"><span style=\"font-size: 11.0pt; font-family: \'Helvetica\',sans-serif; color: black;\">Construite avec le soutien de nombreux bénévoles fidèles, la vie associative est au coeur du projet, riche de rencontres intergénérationnelles, d’apprentissage, de partage de compétences et de savoir-faire. Environ 50 personnes s’impliquent à l’année à nos cotés, pour monter jusqu’à 120 personnes sur le festival Fête des sottises !</span></p>\r\n</body>\r\n</html>', NULL, NULL, NULL, NULL, NULL, NULL, NULL),
(432, 112, 'cie', 'Cie l\'Homme Debout', NULL, 2, '<!DOCTYPE html>\r\n<html>\r\n<head>\r\n</head>\r\n<body>\r\n<p class=\"Textbody\" style=\"margin-bottom: .0001pt; line-height: normal;\"><span style=\"font-size: 11.0pt; font-family: \'Helvetica\',sans-serif; color: black;\">Il y a au cœur du travail de la compagnie l’Homme Debout la collaboration avec les habitants des lieux. Il y a l’envie de transformer l’espace public au profit d’images poétiques et oniriques. Il y a la lenteur, la recherche de légèreté. Il y a la profonde conviction que là où l’on développe l’action culturelle il fait meilleur vivre ensemble. Il y a là une frontière ténue entre imaginaire et réalité. Il y a des histoires de géants, des histoires de petites gens, des histoires d’Hommes en fait. Il n’y a pas de « il était une fois » il n’y a pas de « FIN » non plus. Il y a des poèmes et des peintures en mouvement.</span></p>\r\n</body>\r\n</html>', '2020-01-27 14:56:14', 'photo11.c.hommedebout2.jpeg', 'photo11.c.hommedebout2.jpeg', 'image/jpeg', 174018, NULL, 'artiste réalisant une sculpture'),
(433, 109, 'presentation', 'Spectacle vivant sous le signe de l’itinérance et de la coopération', NULL, 1, '<!DOCTYPE html>\r\n<html>\r\n<head>\r\n</head>\r\n<body>\r\n<p>L’itinérance est une des pierres angulaires de l’action de Lacaze aux sottises depuis ses prémices. Elle permet un véritable maillage culturel du territoire. L’idée est d’apporter le spectacle vivant au plus près des habitants, au plus près du monde rural à travers les arts de la rue ! </p>\r\n<p> </p>\r\n<p>Depuis 12 ans, Lacaze aux sottises n’a de cesse au travers de ses projets artistiques, festifs et populaires de tisser des partenariats avec de nombreux acteurs qu’ils soient institutionnels, associatifs ou encore coopératifs.</p>\r\n<p> </p>\r\n<p>C’est au travers de la saison territoriale dont le festival Fête des sottises ! ou encore des lieux de fabrique et des actions de médiation que Lacaze aux sottises contribue à la diversité culturelle, à la qualité de vie et à l’attractivité de son territoire.</p>\r\n<p> </p>\r\n<p>Lacaze aux sottises participe également à la transition de la société, en accompagnant les personnes dans l’exercice de leur liberté, à travers de nombreuses actions pédagogiques, en s’adressant à tous notamment à des structures spécialisées dans une dynamique d’éducation populaire, en tant que facilitatrice de relations entre les personnes et les cultures - culture du spectacle vivant, culture individuelle et collective, culture citoyenne, culture sociale, culture locale.</p>\r\n</body>\r\n</html>', '2020-03-02 14:08:43', 'web.h.saison.jpg', 'web.h.saison.jpg', 'image/jpeg', 357135, NULL, 'spectacle d\'acrobates en plein air'),
(435, 124, 'all year', 'Le club nature des sottises', 'Maison LAcaze d\'Orion', 3, '<!DOCTYPE html>\r\n<html>\r\n<head>\r\n</head>\r\n<body>\r\n<p>Tous les mercredis après-midi (hors vacances scolaires) de 15h à 17h - à partir du 22 avril 2020</p>\r\n<p>Pour les enfants de 6 à 10 ans<br />30 € du 22 avril au 24 juin 2020<br />Reprise en septembre 2020 - 120 € à l\'année de sept à juin</p>\r\n<p>Activités nature entre copains-pines pour découvrir les richesses de la nature et entreprendre mille actions pour la protéger. Au gré de leur imagination, de leurs préoccupations et de leurs motivations, d’une rencontre à l’autre les enfants seront encouragés à être force de propositions.</p>\r\n</body>\r\n</html>', '2020-03-02 15:05:46', 'web.33.jpg', 'web.33.jpg', 'image/jpeg', 423434, NULL, 'enfants faisant du jardinage'),
(436, 119, 'Qui sit ut sapiente fugit ullam.', 'Beatae sequi nemo.', 'Ut quam ut.', 8, 'Est quo et id est illum veniam eos. Placeat labore maxime ab aut aut. Fuga occaecati ut ea et. Repellendus amet commodi quia consequuntur quod vel.', NULL, NULL, NULL, NULL, NULL, NULL, NULL),
(437, 125, 'Explicabo optio sit ea consequatur omnis.', 'Sint reprehenderit labore quo.', 'Mollitia dignissimos qui.', 7, 'Soluta ducimus maiores id non eius ipsa. Qui sed inventore commodi voluptatibus corporis. Rerum aut ipsam magnam sit officia assumenda accusamus aut. Nesciunt est qui minus. Aut iusto quasi molestiae earum commodi placeat qui.', NULL, NULL, NULL, NULL, NULL, NULL, NULL),
(439, 108, 'adhésion', 'ADHÉRER À LACAZE AUX SOTTISES C\'EST...', NULL, 1, '<!DOCTYPE html>\r\n<html>\r\n<head>\r\n</head>\r\n<body>\r\n<p class=\"Standard\"><span style=\"font-size: 11.0pt; font-family: \'Helvetica\',sans-serif; color: black;\">Soutenir un projet humain, militant et formidablement curieux !<br />Rendre possible un rêve collectif !</span></p>\r\n<pre class=\"Standard\"><span style=\"font-size: 11.0pt; font-family: \'Helvetica\',sans-serif; color: black;\">Contribu</span><span style=\"font-size: 11.0pt; font-family: \'Helvetica\',sans-serif; color: black;\">er à la vie associative</span></pre>\r\n<ul>\r\n<li class=\"Standard\">\r\n<pre><span style=\"font-size: 11.0pt; font-family: \'Helvetica\',sans-serif; color: black;\">en prenant part aux instances décisionnaires, conseil d’administration, AG, commission,..</span></pre>\r\n</li>\r\n<li class=\"Standard\">\r\n<pre><span style=\"font-size: 11.0pt; font-family: \'Helvetica\',sans-serif; color: black;\">en prenant part aux chantiers participatifs ou encore en étant bénévole lors de manifestations</span></pre>\r\n</li>\r\n</ul>\r\n<p>Accéder aux services et activités</p>\r\n<ul>\r\n<li>Espaces partagés du tiers lieu</li>\r\n<li>Bureaux, salle d’activité, centre de ressources, bricothéque, éco-lieu</li>\r\n<li>Parc de matériel</li>\r\n<li>Soirées du tiers lieu </li>\r\n<li>Ateliers de curiosité</li>\r\n<li>Formations bénévole</li>\r\n<li>Rendez-vous des producteurs</li>\r\n<li>Commandes groupées</li>\r\n</ul>\r\n</body>\r\n</html>', NULL, NULL, NULL, NULL, NULL, NULL, NULL),
(441, 120, 'Voluptas aliquid et est.', 'Maiores ducimus assumenda.', 'Ex non.', 8, 'Earum magnam incidunt modi perferendis ea et non. Aut illo dolor minus non aperiam nemo et porro. Sequi voluptatem quos deserunt omnis in sint est. Tenetur cumque eos ipsum et dolor provident. Nihil laboriosam deleniti quibusdam dolorem.', NULL, NULL, NULL, NULL, NULL, NULL, NULL),
(442, 123, 'prod meeting', NULL, NULL, 1, '<!DOCTYPE html>\r\n<html>\r\n<head>\r\n</head>\r\n<body>\r\n<p>Chaque lundi, des producteurs vous donnent rendez-vous de 17h à 18h30 à la Maison LAcaze.<br />Vous pourrez ainsi repartir avec du pain, des œufs, des légumes de notre éco lieu,…</p>\r\n</body>\r\n</html>', '2020-03-02 15:00:05', 'web.30bis.courges.jpg', 'web.30bis.courges.jpg', 'image/jpeg', 140779, NULL, 'courges'),
(443, 128, 'adhérer', 'Comment adhérer ?', NULL, 2, '<!DOCTYPE html>\r\n<html>\r\n<head>\r\n</head>\r\n<body>\r\n<p class=\"Textbody\" style=\"margin-bottom: .0001pt; text-align: justify; line-height: normal;\"><span style=\"font-size: 11.0pt; font-family: \'Helvetica\',sans-serif; color: black;\">Pour les particuliers à partir de 5 €</span></p>\r\n<p class=\"Textbody\" style=\"margin-bottom: .0001pt; text-align: justify; line-height: normal;\"><span style=\"font-size: 11.0pt; font-family: \'Helvetica\',sans-serif; color: black;\">Pour les structures à partir de 50 €</span></p>\r\n<p class=\"Textbody\" style=\"margin-bottom: .0001pt; text-align: justify; line-height: normal;\"><span style=\"font-size: 11.0pt; font-family: \'Helvetica\',sans-serif; color: black;\">L’adhésion est également l\'occasion de faire un don ouvrant droit à une déduction d\'impôts égale à 66% du don. 100€ donnés = 34€ dépensés.</span></p>\r\n<p class=\"Textbody\" style=\"margin-bottom: .0001pt; text-align: justify; line-height: normal;\"><span style=\"font-size: 11.0pt; font-family: \'Helvetica\',sans-serif; color: black;\">En envoyant un chèque à lʼordre de Lacaze aux sottises à lʼadresse suivante : Lacaze aux sottises, 11 route de Lasbordes, 64390 Orion.</span></p>\r\n<p class=\"Textbody\" style=\"margin-bottom: .0001pt; text-align: justify; line-height: normal;\"><span style=\"font-size: 11.0pt; font-family: \'Helvetica\',sans-serif; color: black;\">En vous connectant à la plateforme Hello Asso</span></p>\r\n<p class=\"Textbody\" style=\"margin-bottom: .0001pt; text-align: justify; line-height: normal;\"><span style=\"font-size: 11.0pt; font-family: \'Helvetica\',sans-serif; color: black;\">lien internet : Hello asso - Lacaze aux sottises - adhésion</span></p>\r\n</body>\r\n</html>', NULL, NULL, NULL, NULL, NULL, NULL, NULL),
(444, 116, 'Blanditiis atque ad qui et autem.', 'Nisi nihil doloremque.', 'Qui excepturi.', 5, 'Qui necessitatibus nostrum consequatur quibusdam voluptas. Dignissimos magni reiciendis labore corporis laudantium dolorem. Aut hic odio ex minus.', NULL, NULL, NULL, NULL, NULL, NULL, NULL),
(445, 107, 'Équipe', 'ÉQUIPE', NULL, 3, '<!DOCTYPE html>\r\n<html>\r\n<head>\r\n</head>\r\n<body>\r\n<p class=\"Standard\"><span style=\"font-size: 11.0pt; font-family: \'Helvetica\',sans-serif; color: black;\">Aujourd’hui, l’équipe professionnelle compte 3 salariés permanents, renforcés par 3 intermittents volants et une équipe de 10 intermittents supplémentaires lors du festival Fête des sottises ! Afin que Lacaze aux sottises puisse continuer sa mission de service public, l’association doit pérenniser son équipe professionnelle. Pour se faire, un soutien financier fort de la part des partenaires institutionnels est nécessaire.</span></p>\r\n</body>\r\n</html>', '2020-03-02 14:08:22', 'web.g.equipe.jpg', 'web.g.equipe.jpg', 'image/jpeg', 201849, NULL, 'équipe lacaze aux sottises'),
(446, 126, 'être bénévole', 'Sur les événements', NULL, 2, '<!DOCTYPE html>\r\n<html>\r\n<head>\r\n</head>\r\n<body>\r\n<p class=\"Standard\" style=\"text-align: justify;\"><span style=\"font-size: 11.0pt; font-family: \'Helvetica\',sans-serif; color: black;\">Venez nous rejoindre sur nos événements – le festival Fête des sottises ! entre le 18 et le 28 juillet ou encore sur les temps forts, les sorties de résidence,... - en intégrant les équipes technique, bistrot, p’tite resto, accueil artiste, accueil public, brigade verte ….</span></p>\r\n</body>\r\n</html>', '2020-02-03 10:21:20', 'photo.43.jpg', 'photo.43.jpg', 'image/jpeg', 4522009, NULL, 'bénévoles d\'un événements'),
(447, 117, 'Nesciunt velit consequatur hic accusantium.', 'Dolorem ut ex nemo.', 'Omnis odit quia.', 8, 'Odio consequuntur aperiam qui pariatur sit laborum est a. Et porro qui quo perspiciatis repellendus. Reprehenderit excepturi ut fuga. Similique sint est voluptatem laudantium.', NULL, NULL, NULL, NULL, NULL, NULL, NULL),
(448, 116, 'Officia repellat id.', 'Voluptas iusto animi.', 'Fugit adipisci.', 6, 'Quos illum autem est id voluptatibus sint. Rerum est sequi inventore. Eaque sit provident repudiandae.', NULL, NULL, NULL, NULL, NULL, NULL, NULL),
(449, 116, 'Magni quia ut eaque.', 'Vero nostrum exercitationem.', 'Qui a consequatur praesentium.', 6, 'Dolorem nihil eius magni aspernatur tenetur rerum. Sequi dolore distinctio est perspiciatis autem tempore. Ut quae iste reprehenderit.', NULL, NULL, NULL, NULL, NULL, NULL, NULL),
(450, 118, 'Aut dolor quam minima est libero.', 'Doloremque dolores.', 'Natus ea qui est.', 2, 'Voluptatem eius inventore qui quam. Consequatur sapiente rerum sed ea autem voluptas. Saepe et harum beatae.', NULL, NULL, NULL, NULL, NULL, NULL, NULL),
(453, 118, 'Eius velit adipisci consequuntur fuga id.', 'Dicta natus nulla.', 'Non accusantium nam mollitia autem.', 1, 'Possimus dolorem quis velit dignissimos corporis. Qui ipsum quia error rerum autem repudiandae. Totam quisquam perferendis quia praesentium eos iure molestiae dolorum. Dolores illum nulla rerum eaque qui consectetur.', NULL, NULL, NULL, NULL, NULL, NULL, NULL),
(454, 115, 'Distinctio provident vero ullam voluptatem dolores.', 'Quis voluptatem.', 'Rerum quasi excepturi optio.', 3, 'Et ex fuga quis voluptatem quod. Aliquid aut est beatae repellendus esse ratione.', NULL, NULL, NULL, NULL, NULL, NULL, NULL),
(456, 119, 'Consequatur est et assumenda qui.', 'Maxime velit facilis.', 'Neque odit ratione amet.', 6, 'Dolor nobis libero vel minima quia nulla quae. Velit non itaque consequatur dolorum dolorem libero. Ipsum ducimus distinctio explicabo et qui expedita ex possimus. Voluptatum sequi autem consectetur quam. Debitis vero natus laboriosam fuga maxime ad qui mollitia.', NULL, NULL, NULL, NULL, NULL, NULL, NULL),
(457, 125, 'Illo quod vero sint.', 'Pariatur delectus atque.', 'Ipsum laboriosam est nihil.', 2, 'Deserunt in voluptatem deserunt accusamus qui est quod. Quidem odit unde quis ex. Blanditiis est autem est incidunt a aut dolorem consequatur.', NULL, NULL, NULL, NULL, NULL, NULL, NULL),
(458, 114, 'Dates', 'Festival des Sottises - 12ème édition', NULL, 1, '<!DOCTYPE html>\r\n<html>\r\n<head>\r\n</head>\r\n<body>\r\n<p class=\"Standard\"><span style=\"font-size: 11.0pt; font-family: \'Helvetica\',sans-serif; color: black;\">Du vendredi 24 au dimanche 26 juillet</span></p>\r\n<p class=\"Standard\"><span style=\"font-size: 11.0pt; font-family: \'Helvetica\',sans-serif; color: black;\">Salies-de-Béarn</span></p>\r\n</body>\r\n</html>', NULL, NULL, NULL, NULL, NULL, NULL, NULL),
(459, 104, 'ACTEUR ETHIQUE ECO-RESPONSABLE', 'ACTEUR ETHIQUE ECO-RESPONSABLE', NULL, 2, '<!DOCTYPE html>\r\n<html>\r\n<head>\r\n</head>\r\n<body>\r\n<p class=\"Standard\"><span style=\"font-size: 11.0pt; font-family: \'Helvetica\',sans-serif;\">Lacaze aux sottises défend également des valeurs citoyennes, solidaires et écologiques inhérentes à un projet de société collectif plus juste, notamment au travers de son tiers-lieu, la Maison LAcaze à Orion, pensé comme un espace de vie sociale en milieu rural, construit dans l’esprit d’un développement durable. Vous y trouverez un éco-lieu, un espace de travail partagé et un parc de matériel mis à la location, un espace de documentation et d’accompagnement de projet en spectacle vivant et en agroécologie. Cette offre s’étoffera dans les années à venir d’une bricothèque et d’un laboratoire solidaire de transformation maraîchère et fruitière.</span></p>\r\n</body>\r\n</html>', '2020-03-02 14:07:28', 'web.d.jardin.peda.jpg', 'web.d.jardin.peda.jpg', 'image/jpeg', 276145, NULL, 'jardin potager'),
(460, 120, 'Veniam nostrum nostrum quia nobis aut.', 'Doloremque vel sit.', 'Itaque totam pariatur commodi.', 0, 'Ducimus est mollitia rerum est quod eum quo. Harum sapiente repellat quo qui reprehenderit deleniti dignissimos. Doloribus quis provident molestias aut aspernatur voluptatem.', NULL, NULL, NULL, NULL, NULL, NULL, NULL),
(463, 118, 'Dicta sunt omnis eos expedita recusandae.', 'Quidem ut nisi quia.', 'Qui aut.', 5, 'Unde temporibus ex esse. Nesciunt dignissimos in similique in facilis temporibus.', NULL, NULL, NULL, NULL, NULL, NULL, NULL),
(465, 128, 'Etre hébergeur', 'Etre hébergeur', NULL, 3, '<!DOCTYPE html>\r\n<html>\r\n<head>\r\n</head>\r\n<body>\r\n<p class=\"Textbody\" style=\"margin-bottom: .0001pt; text-align: justify; line-height: normal;\"><span style=\"font-size: 11.0pt; font-family: \'Helvetica\',sans-serif; color: black;\">Afin d’héberger comme il se doit les artistes du festival Fête des sottises !, nous sommes à la recherche de familles d’accueil, sur Salies-de-Béarn et alentours, le temps du festival du jeudi 23 au lundi 27 juillet 2020, avec la mise à disposition d’un lit, accueil chaleureux, petit déjeuner,… de belles rencontres humaines en perspective !</span></p>\r\n<p class=\"Textbody\" style=\"margin-bottom: .0001pt; text-align: justify; line-height: normal;\"><span style=\"font-size: 11.0pt; font-family: \'Helvetica\',sans-serif; color: black;\"> </span></p>\r\n</body>\r\n</html>', NULL, NULL, NULL, NULL, NULL, NULL, NULL),
(466, 114, 'Prog', 'Au programme', NULL, 2, '<!DOCTYPE html>\r\n<html>\r\n<head>\r\n</head>\r\n<body>\r\n<ul>\r\n<li class=\"Standard\"><span style=\"font-size: 11.0pt; font-family: \'Helvetica\',sans-serif; color: black;\">Une programmation variée O programme ! Chicken Street, La Baleine Cargo, L’Etabli, Le GIVB, L’ESAC-TO - Ecole de Cirque de Toulouse, La Marmaille, Sara &amp; Alberto, Duo Jacaranda, Janusz &amp; Jerry, Anonima Teatro, Typhus Bronx, Léandre,..</span></li>\r\n<li class=\"Standard\"><span style=\"font-size: 11.0pt; font-family: \'Helvetica\',sans-serif; color: black;\">Une rencontre professionnelle avec la Fédération des Arts de la Rue de la Nouvelle-Aquitaine et le CNAREP de la Rochelle</span></li>\r\n<li class=\"Standard\"><span style=\"font-size: 11.0pt; font-family: \'Helvetica\',sans-serif; color: black;\">Des initiations cirque, des jeux, un rallye,…</span></li>\r\n<li class=\"Standard\"><span style=\"font-size: 11.0pt; font-family: \'Helvetica\',sans-serif; color: black;\">Un Bistrot et une P’tite Resto en circuit court, toilettes sèches tel un éco festival</span></li>\r\n</ul>\r\n</body>\r\n</html>', NULL, NULL, NULL, NULL, NULL, NULL, NULL),
(467, 128, 'Être donateur – Mécène', 'Être donateur – Mécène', NULL, 4, '<!DOCTYPE html>\r\n<html>\r\n<head>\r\n</head>\r\n<body>\r\n<p>Auto-financée à 50%, Lacaze aux sottises a besoin du soutien de son territoire pour mener à bien son projet associatif. Ainsi, nous lançons auprès des particuliers et des entreprises un appel aux dons via une campagne de mécénat, afin de donner une couleur locale, festive et solidaire à vos impôts !</p>\r\n<h4>Don-Mécénat</h4>\r\n<p>Le mécénat ouvre le droit à une réduction d’impôts égale à 66 % du don pour les particuliers et à 60 % pour les entreprises. Exemple pour les particuliers : 100 € donnés = 34 € dépensés.</p>\r\n<h4>Comment faire ?</h4>\r\n<p>Envoyez un chèque accompagné de l’ensemble de vos coordonnées au 11 route de Lasbordes - 64390 Orion ou effectuez un virement – RIB fourni sur demande. Un reçu fiscal permettant la déduction de vos impôts vous sera transmis dès réception.</p>\r\n<p>Pour plus de renseignements, contactez-nous à lacazeauxsottises@gmail.com ou au 05 59 38 68 71.</p>\r\n</body>\r\n</html>', NULL, NULL, NULL, NULL, NULL, NULL, NULL),
(469, 120, 'Tempora voluptas accusantium alias reprehenderit.', 'Quo eos.', 'Et magnam est enim totam.', 8, 'Vitae quos officiis voluptatibus cupiditate cupiditate enim. In numquam odio quam ipsum. Sit harum repellendus voluptates autem. Qui incidunt aut illo voluptatem.', NULL, NULL, NULL, NULL, NULL, NULL, NULL),
(470, 118, 'Omnis dignissimos maiores.', 'Esse quasi.', 'Provident rerum eum.', 9, 'Et magnam quia quia a. Tempora quia ex id. Assumenda occaecati temporibus dolore maxime tenetur quis omnis. Rem inventore non labore quam nihil in voluptatibus.', NULL, NULL, NULL, NULL, NULL, NULL, NULL),
(472, 125, 'Voluptas illum quaerat qui.', 'Temporibus facere vel ducimus.', 'Doloremque dolorem quae omnis.', 5, 'Nobis explicabo facere deserunt. Ratione delectus exercitationem odit. Corrupti qui magni ex eum et adipisci.', NULL, NULL, NULL, NULL, NULL, NULL, NULL),
(473, 112, 'infos', 'Trois semaines, trois territoires, trois sculptures', NULL, 3, '<!DOCTYPE html>\r\n<html>\r\n<head>\r\n</head>\r\n<body>\r\n<p class=\"Textbody\" style=\"margin-bottom: .0001pt; line-height: normal;\"><span style=\"font-size: 11.0pt; font-family: \'Helvetica\',sans-serif; color: black;\">Afin de mettre en place un projet de présence artistique sur le territoire du Béarn des Gaves, nous avons sollicité la Cie l’Homme Debout, connue pour ses marionnettes géantes, ses installations ou encore ses ateliers participatifs.</span></p>\r\n<p class=\"Textbody\" style=\"margin-bottom: .0001pt; line-height: normal;\"><span style=\"font-size: 11.0pt; font-family: \'Helvetica\',sans-serif; color: black;\">L’idée est de construire avec vous, avec l’ensemble de la population, trois sculptures entièrement réalisées en osier, tel le fruit d’une innombrable succession d’assemblages de brins insignifiants, qui mettent en jeu des personnages à forme humaine.</span></p>\r\n<p class=\"Textbody\" style=\"margin-bottom: .0001pt; line-height: normal;\"><span style=\"font-size: 11.0pt; font-family: \'Helvetica\',sans-serif; color: black;\">Afin que ces sculptures prennent part à la vie de notre territoire, elles seront implantées dans l’espace public apportant ainsi une touche de poésie au paysage. Elles rejoindront ainsi le coeur de Salies-de-Béarn, Sauveterre-de-Béarn et Navarrenx lors de trois inaugurations festives en présence notamment de toutes les personnes ayant participées à leurs créations.</span></p>\r\n</body>\r\n</html>', '2020-03-02 13:50:46', 'web.11.c.hommedebout1.jpg', 'web.11.c.hommedebout1.jpg', 'image/jpeg', 133392, NULL, 'artiste réalisant une sculpture'),
(475, 119, 'Quis numquam voluptatem culpa totam porro.', 'Molestias recusandae non.', 'Qui et libero aperiam commodi.', 7, 'Velit provident animi et ex maxime culpa omnis repudiandae. Quasi occaecati aut fugit dolor. Dolorem ea voluptates assumenda.', NULL, NULL, NULL, NULL, NULL, NULL, NULL),
(476, 125, 'Neque delectus itaque aut qui.', 'Hic hic possimus at.', 'Doloribus voluptatem voluptatem tempore.', 2, 'Doloribus natus a consectetur ipsa voluptatem atque animi quibusdam. Sed porro repudiandae reiciendis quibusdam ut ullam. Sit qui sit et nesciunt et aut. Hic officia magni officia eaque ut.', NULL, NULL, NULL, NULL, NULL, NULL, NULL),
(477, 106, 'intro', NULL, NULL, 1, '<!DOCTYPE html>\r\n<html>\r\n<head>\r\n</head>\r\n<body>\r\n<p class=\"Standard\"><span style=\"font-size: 11.0pt; font-family: \'Helvetica\',sans-serif; color: black;\">Depuis 2009, Lacaze aux sottises mène un large travail de territoire en s’associant à de nombreux acteurs. Basé principalement sur le Pays Lacq – Orthez – Béarn des Gaves - 114 communes pour 77 000 habitants, notre champ d’intervention – local, départemental, régional, s’étoffe au rythme des partenariats et des sollicitations.La co-construction est un choix fort dans notre développement car elle renforce notre ancrage territorial et inscrit notre projet dans la durabilité. En s’associant à des partenaires les plus divers - institution, association, coopérative, structure spécialisée, cette démarche contribue au vivre ensemble, à l’ouverture sur le monde ainsi qu’au croisement des publics pour favoriser la mixité sociale, intergénérationnelle et multiculturelle. Ce projet de coopération territoriale se met en place chaque année, au cas par cas avec nos partenaires. Il nécessite un travail de fond, de longue haleine, un tissage de relations de qualité entre acteurs issus de milieux parfois très différents. La création de communs commence dès la première rencontre avec les partenaires.</span></p>\r\n</body>\r\n</html>', NULL, NULL, NULL, NULL, NULL, NULL, NULL),
(480, 123, 'nights', NULL, NULL, 2, '<!DOCTYPE html>\r\n<html>\r\n<head>\r\n</head>\r\n<body>\r\n<p>Pensé tel un lieu de rencontre et de convivialité, Lacaze aux sottises invite au croisement des publics dans une mixité sociale, culturelle et générationnelle. </p>\r\n<p>L’adhésion à Lacaze aux sottises est obligatoire pour accéder aux soirée du Tiers Lieu</p>\r\n<p>Adhésion structure 50 euros / Adhésion individuelle prix libre à partir de 5 euros</p>\r\n<p>Bistrot sur place</p>\r\n<p>Soirées en auberge espagnole</p>\r\n</body>\r\n</html>', NULL, NULL, NULL, NULL, NULL, NULL, NULL),
(481, 113, 'intro', NULL, NULL, 1, '<!DOCTYPE html>\r\n<html>\r\n<head>\r\n</head>\r\n<body>\r\n<p class=\"Textbody\" style=\"margin-bottom: .0001pt; line-height: normal;\"><span style=\"font-size: 11.0pt; font-family: \'Helvetica\',sans-serif; color: black;\">En s’appuyant sur la venue d’artistes sur le territoire, Lacazeaux sottises - association d’Education Populaire - met en place des actions de médiation ponctuelles ou régulières à destination de différents publics, favorisant l’épanouissement individuel et collectif.</span></p>\r\n<p class=\"Textbody\" style=\"margin-bottom: .0001pt; line-height: normal;\"><span style=\"font-size: 11.0pt; font-family: \'Helvetica\',sans-serif; color: black;\"> </span></p>\r\n<p class=\"Textbody\" style=\"margin-bottom: .0001pt; line-height: normal;\"><span style=\"font-size: 11.0pt; font-family: \'Helvetica\',sans-serif; color: black;\">À travers son projet pluriel, Lacaze aux sottises se positionne comme support pédagogique à destination</span></p>\r\n<ul>\r\n<li class=\"Textbody\" style=\"line-height: normal;\"><span style=\"font-size: 11.0pt; font-family: \'Helvetica\',sans-serif; color: black;\">du grand public</span></li>\r\n<li class=\"Textbody\" style=\"line-height: normal;\"><span style=\"font-size: 11.0pt; font-family: \'Helvetica\',sans-serif; color: black;\">des structures spécifiques telles que ITEP, ESAT, EHPAD,...</span></li>\r\n<li class=\"Textbody\" style=\"line-height: normal;\"><span style=\"font-size: 11.0pt; font-family: \'Helvetica\',sans-serif; color: black;\">des publics scolaires et loisirs</span></li>\r\n</ul>\r\n</body>\r\n</html>', NULL, NULL, NULL, NULL, NULL, NULL, NULL),
(483, 124, 'all year', 'Les cours de bureautique de Christophe', 'Maison LAcaze d\'Orion', 4, '<!DOCTYPE html>\r\n<html>\r\n<head>\r\n</head>\r\n<body>\r\n<p>1 mardi tous les 15 jours de 14h à 15h30 - à partir du 17 mars 2020</p>\r\n<p>+ 12 ans<br />15€ la séance ou 120€  du 17 mars au 30 juin 2020<br />Reprise en septembre 2020 - 130 € le carnet de 10 séances de sept à juin<br />Venez avec votre ordinateur<br />Résa - Christophe - calmus.christophe@gmail.com - 07 77 39 09 12<br /><br />O programme ! Bureautique générale, manipulation de l\'ordinateur, traitement de l\'image, utilisation d\'internet</p>\r\n</body>\r\n</html>', '2020-03-02 15:01:34', 'web.34.lieu.vie.formation.jpg', 'web.34.lieu.vie.formation.jpg', 'image/jpeg', 240080, NULL, 'cours de bureautique'),
(484, 124, 'punctual', 'Atelier construction d’un four solaire', 'Maison LAcaze d\'Orion', 5, '<!DOCTYPE html>\r\n<html>\r\n<head>\r\n</head>\r\n<body>\r\n<p class=\"Standard\"><span style=\"font-size: 11.0pt; font-family: \'Helvetica\',sans-serif; color: black;\">Les 25 et 26 avril de 9h à 17h + 14 ans avec adulte + 18 ans</span><br /><br /><span style=\"font-size: 11.0pt; font-family: \'Helvetica\',sans-serif; color: black;\">Quelques bases de bricolage sont nécessaires !</span><br /><span style=\"font-size: 11.0pt; font-family: \'Helvetica\',sans-serif; color: black;\">Hébergement possible sur place</span><br /><span style=\"font-size: 11.0pt; font-family: \'Helvetica\',sans-serif; color: black;\">150€ par personne dont 30 euros d\'adhésion à l\'association humanitaire Bolivia Inti – Sud Soleil qui œuvre dans le développement et la diffusion d\'outils de cuisson écologique en Afrique et en Amérique du Sud.</span></p>\r\n<p class=\"Standard\"><span style=\"font-size: 11.0pt; font-family: \'Helvetica\',sans-serif; color: black;\">Venez construire votre four en 2 jours avec l\'aide de Paul. Vous repartirez avec votre propre four en peuplier équipé d’une balancelle pour une cuisson bien à l’ horizontale quels que soit le terrain et la saison !</span></p>\r\n</body>\r\n</html>', '2020-03-02 15:01:51', 'web.35prémian 7 2019.jpg', 'web.35prémian 7 2019.jpg', 'image/jpeg', 187504, NULL, 'personnes construisant des fours solaire'),
(486, 105, 'left', 'SPECTACLE VIVANT', 'PROJET ITINÉRANT SUR LE TERRITOIRE', 3, '<!DOCTYPE html>\r\n<html>\r\n<head>\r\n</head>\r\n<body>\r\n<h3><strong>Diffusion</strong></h3>\r\n<ul>\r\n<li>Saison culturelle en milieu rural co-construite vec différents partenaires</li>\r\n<li>Festival Fêtes des sottises !</li>\r\n</ul>\r\n<h3><strong>Aide à la création</strong></h3>\r\n<ul>\r\n<li>Lieux de fabrique</li>\r\n</ul>\r\n</body>\r\n</html>', NULL, NULL, NULL, NULL, NULL, NULL, NULL),
(489, 118, 'Et et voluptas rerum atque.', 'Debitis commodi pariatur.', 'Ea est illo.', 4, 'Ea dolor exercitationem ducimus quidem nesciunt adipisci sunt. Quaerat exercitationem aut quia quod modi. Quas et tenetur voluptatum quae qui.', NULL, NULL, NULL, NULL, NULL, NULL, NULL),
(490, 118, 'Vero aperiam fugit molestias illo.', 'Modi mollitia sequi voluptas quisquam.', 'Perferendis autem est id.', 4, 'Iure maxime sit nemo omnis quaerat sit. Quos natus aliquid saepe. Sed occaecati enim dolores qui. Aliquid explicabo consectetur eos quo qui sint dolore.', NULL, NULL, NULL, NULL, NULL, NULL, NULL),
(491, 122, 'bureau partagé', 'Espace de bureau à partager', NULL, 2, '<!DOCTYPE html>\r\n<html>\r\n<head>\r\n</head>\r\n<body>\r\n<p class=\"Textbody\" style=\"margin-bottom: .0001pt; text-align: justify;\"><span style=\"font-size: 11.0pt; line-height: 115%; font-family: \'Helvetica\',sans-serif;\">Rejoignez notre espace de coworking au sein de la Maison LAcaze où des postes de travail sont à votre disposition afin de partager notre aventure collective et émulatrice, avec des ordinateurs, 1 connexion en ADSL, 1 imprimante, 1 scanner, 1 espace cuisine.</span></p>\r\n</body>\r\n</html>', '2020-03-02 14:57:33', 'web.17.buro.jpg', 'web.17.buro.jpg', 'image/jpeg', 483561, NULL, 'bureau équipe associative'),
(492, 105, 'right', 'DÉVELOPPEMENT DURABLE', 'Tiers-Lieu La maison Lacaze', 4, '<!DOCTYPE html>\r\n<html>\r\n<head>\r\n</head>\r\n<body>\r\n<ul>\r\n<li>Éco-Lieu</li>\r\n<li>Espace de travail partagé</li>\r\n<li>Parc de matériel</li>\r\n<li>Centre de ressources</li>\r\n<li>Bricothèque</li>\r\n<li>Laboratoire de transformation</li>\r\n</ul>\r\n</body>\r\n</html>', NULL, NULL, NULL, NULL, NULL, NULL, NULL),
(493, 119, 'Modi molestias adipisci qui quam culpa.', 'Aliquam officia et facilis.', 'Sed illo quos.', 8, 'Sit recusandae ad dolorem sed sunt doloribus ea earum. In ad nam debitis sit. At soluta sint omnis ullam. Eos unde earum ea ratione alias delectus.', NULL, NULL, NULL, NULL, NULL, NULL, NULL),
(494, 106, 'left', 'ITINERANCE - SPECTACLE VIVANT', NULL, 2, '<!DOCTYPE html>\r\n<html>\r\n<head>\r\n</head>\r\n<body>\r\n<p class=\"Standard\"><span style=\"font-size: 11.0pt; font-family: \'Helvetica\',sans-serif;\">L’itinérance est une des pierres angulaires de notre action car elle permet un véritable maillage culturel du territoire. Nous apportons le spectacle vivant au plus près des habitants, au plus près du monde rural à travers les arts de rue et notre chapiteau. Pour chaque projet, nous investissons un lieu différent.</span></p>\r\n</body>\r\n</html>', NULL, NULL, NULL, NULL, NULL, NULL, NULL),
(498, 119, 'Nobis adipisci tempore eos.', 'Facere quos pariatur.', 'Est amet qui at.', 3, 'Vitae et laboriosam magnam et. Sit ratione at itaque. Consequatur exercitationem distinctio quo aut.', NULL, NULL, NULL, NULL, NULL, NULL, NULL),
(499, 112, 'atelier participatif', 'Atelier participatif', 'Venez prendre part à l’aventure !', 4, '<!DOCTYPE html>\r\n<html>\r\n<head>\r\n</head>\r\n<body>\r\n<p>Du 29 septembre au 4 octobre à Salies-de-Béarn<br />Du 6 au 11 octobre à Sauveterre-de-Béarn<br />Du 13 au 17 octobre à Navarrenx<br />Les lieux restent à définir </p>\r\n<p>Pour le grand public lors d’ateliers ouverts<br />+ de 15 ans<br />- de 15 ans accompagné d\'un adulte<br />Du mardi au vendredi de 15h30 à 19h30<br />Les week-ends de 14h à 18h<br />Pour les publics spécifiques<br />De 7 à 77 ans - écoles, structures de loisirs, structures spécialisées ITEP, EPHAD, ESAT,...<br />Sur rendez-vous en semaine de 9h30 à 12h30</p>\r\n</body>\r\n</html>', NULL, NULL, NULL, NULL, NULL, NULL, NULL),
(500, 114, 'Prix', 'Prix libre', NULL, 3, '<!DOCTYPE html>\r\n<html>\r\n<head>\r\n</head>\r\n<body>\r\n<p class=\"Standard\"><span style=\"font-size: 11.0pt; font-family: \'Helvetica\',sans-serif; color: black;\">Afin de conserver l’accessibilité à tous au festival et de défendre un projet solidaire, nous militons pour le prix libre – une billetterie solidaire, à savoir un appel aux dons via les chapeaux à l’issue des spectacles ou du guichet à don en valorisant le mécénat culturel ouvrant droit à une réduction d’impôts.</span></p>\r\n</body>\r\n</html>', NULL, NULL, NULL, NULL, NULL, NULL, NULL),
(501, 105, 'bottom', 'ÉDUCATION POPULAIRE', 'A LA RENCONTRE DES PUBLICS DANS UNE DYNAMIQUE D’ÉDUCATION POPULAIRE', 5, '<!DOCTYPE html>\r\n<html>\r\n<head>\r\n</head>\r\n<body>\r\n<p class=\"Standard\" style=\"text-align: center;\"><span style=\"font-size: 11.0pt; font-family: \'Helvetica\',sans-serif; color: black;\">Actions pédagogiques autour du spectacle vivant et du développement durable à destination des scolaires, des structures spécifiques, des bénévoles et du grand public</span></p>\r\n<ul>\r\n<li class=\"Standard\" style=\"text-align: center;\"><span style=\"font-size: 11.0pt; font-family: \'Helvetica\',sans-serif; color: black;\">Rencontres</span></li>\r\n<li class=\"Standard\" style=\"text-align: center;\"><span style=\"font-size: 11.0pt; font-family: \'Helvetica\',sans-serif; color: black;\">Ateliers, stages</span></li>\r\n<li class=\"Standard\" style=\"text-align: center;\"><span style=\"font-size: 11.0pt; font-family: \'Helvetica\',sans-serif; color: black;\">Formations</span></li>\r\n<li class=\"Standard\" style=\"text-align: center;\"><span style=\"font-size: 11.0pt; font-family: \'Helvetica\',sans-serif; color: black;\">Visites ludiques</span></li>\r\n<li class=\"Standard\" style=\"text-align: center;\"><span style=\"font-size: 11.0pt; font-family: \'Helvetica\',sans-serif; color: black;\">Chantiers participatifs</span></li>\r\n</ul>\r\n</body>\r\n</html>', NULL, NULL, NULL, NULL, NULL, NULL, NULL);
INSERT INTO `section` (`id`, `belong_to_page_id`, `name`, `title`, `sub_title`, `appearance_order`, `content`, `updated_at`, `image_name`, `image_original_name`, `image_mime_type`, `image_size`, `image_dimensions`, `image_description`) VALUES
(502, 104, 'ALCHIMISTE DE LIEN SOCIAL', 'ALCHIMISTE DE LIEN SOCIAL', NULL, 3, '<!DOCTYPE html>\r\n<html>\r\n<head>\r\n</head>\r\n<body>\r\n<p class=\"Standard\"><span style=\"font-size: 11.0pt; font-family: \'Helvetica\',sans-serif;\">Facilitatrice de relations entre les personnes et les cultures - culture du spectacle vivant, culture du vivant végétal, culture individuelle et collective, culture citoyenne, culture sociale, culture locale, Lacaze aux sottises entend participer à la transition de la société, en accompagnant les personnes dans l’exercice de leur liberté, à travers de nombreuses actions pédagogiques, en s’adressant à tous notamment à des structures spécialisées.</span></p>\r\n</body>\r\n</html>', '2020-03-02 14:07:54', 'web.e.mediation.jardin.peda.jpg', 'web.e.mediation.jardin.peda.jpg', 'image/jpeg', 352756, NULL, 'enfants faisant du jardinage'),
(503, 104, 'Chiffres', 'Lacaze en chiffres', NULL, 4, '<!DOCTYPE html>\r\n<html>\r\n<head>\r\n</head>\r\n<body>\r\n<p class=\"Standard\"><span style=\"font-size: 11.0pt; font-family: \'Helvetica\',sans-serif;\">En 2019, la programmation a réuni plus de<strong><span style=\"font-size: 14pt; color: #ba372a;\"> 21 000 spectateurs</span></strong>, <strong><span style=\"color: #ba372a; font-size: 14pt;\">2150 personnes</span></strong> ont bénéficié des actions pédagogiques, <span style=\"font-size: 14pt; color: #ba372a;\"><strong>63 représentations</strong></span> ont été proposées, rassemblant 38 <span style=\"font-size: 14pt; color: #ba372a;\"><strong>compagnies</strong></span>. <span style=\"color: #ba372a;\"><strong><span style=\"font-size: 14pt;\">91 artistes</span></strong></span> venus de France et de l’étranger ont pu partager leur travail. <span style=\"color: #ba372a;\"><strong><span style=\"font-size: 14pt;\">190 heures d’ateliers</span></strong></span> ont été proposées par<strong><span style=\"color: #ba372a; font-size: 14pt;\"> 88 intervenants</span></strong>. <strong><span style=\"color: #ba372a; font-size: 14pt;\">145 partenaires</span></strong> ont soutenu le projet, <span style=\"color: #ba372a; font-size: 14pt;\"><strong>10 partenaires institutionnels</strong></span>, <span style=\"color: #ba372a; font-size: 14pt;\"><strong>34 partenaires de projet</strong></span> et <span style=\"color: #ba372a; font-size: 14pt;\"><strong>101 partenaires privés</strong></span>. <strong><span style=\"color: #ba372a; font-size: 14pt;\">4 permanents</span></strong>, <strong><span style=\"color: #ba372a; font-size: 14pt;\">1 service civique</span></strong> et un noyau de <strong><span style=\"color: #ba372a; font-size: 14pt;\">50 bénévoles</span></strong> se sont mobilisés sur l’année notamment sur les<span style=\"color: #ba372a; font-size: 14pt;\"><strong> 6 chantiers participatifs</strong></span>, rejoints par <strong><span style=\"color: #ba372a; font-size: 14pt;\">10 techniciens</span></strong> et <span style=\"color: #ba372a; font-size: 14pt;\"><strong>120 bénévoles</strong></span> durant le festival, à l’année <strong><span style=\"color: #ba372a; font-size: 14pt;\">150 adhérents</span></strong>.</span></p>\r\n</body>\r\n</html>', NULL, NULL, NULL, NULL, NULL, NULL, NULL),
(504, 106, 'right', 'TIERS -LIEU', 'DEVELOPPEMENT DURABLE', 3, '<!DOCTYPE html>\r\n<html>\r\n<head>\r\n</head>\r\n<body>\r\n<p class=\"Standard\"><span style=\"font-size: 11.0pt; font-family: \'Helvetica\',sans-serif;\">Après avoir sillonné son territoire pour aller au devant du monde rural, Lacaze aux sottises invite la population locale et plus largement tous les publics à investir la Maison LAcaze, un corps de ferme du XVIIIe siècle rénové selon des méthodes éco-responsables. Situé à Orion, au coeur du Béarn, à mi-chemin entre Salies de Béarn et Orthez, Navarrenx et Sauveterre ou encore entre Pau et Bayonne, notre tiers-lieu se veut être un espace de vie sociale, de partage, de convivialité et de vivre ensemble afin de contribuer au dynamisme et à l’attractivité du territoire, de lutter contre l’isolement et la fracture sociale - bien présents en zone de revitalisation rurale où peu de lieux de convivialité existent.</span></p>\r\n</body>\r\n</html>', NULL, NULL, NULL, NULL, NULL, NULL, NULL),
(505, 106, 'last', 'PROJET EN RÉZO’NANCE', NULL, 4, '<!DOCTYPE html>\r\n<html>\r\n<head>\r\n</head>\r\n<body>\r\n<p><strong><span style=\"color: #ba372a;\"><span style=\"font-size: 11.0pt; font-family: \'Helvetica\',sans-serif; color: black;\">Lacaze aux sottises s’inscrit dans de nombreux réseaux professionnels.</span></span></strong></p>\r\n<p> </p>\r\n<h3><strong><span style=\"color: #ba372a;\">Spectacle Vivant</span></strong></h3>\r\n<h5>En local</h5>\r\n<p>&gt;<strong> Un nouveau collectif d’acteurs culturels en milieu rural</strong> - Arts pluriels - Chacam - Morlanne sur la place - Tempête d\'idées - L\'union fait la jongle - Les Triporteurs -  Le Pingouin alternatif - qui se lance dans l’organisation d’un nouveau rendez-vous populaire Le Festi\'Chap, un festival à dominante musicale sous chapiteau </p>\r\n<p> </p>\r\n<h5>En région</h5>\r\n<p class=\"Standard\">&gt; <strong>Les FR, les Fabriques Réunies</strong> - 6 structures - CNAREP sur le Pont (17), Liburnia - Fest’arts (33), Musicalarue (40), Graine de Rue (87), Hameka (64), Lacaze aux sottises (64) - qui se fédèrent pour travailler collégialement autour de la création dans l’espace public. </p>\r\n<p>&gt; <strong>Grand’rue</strong>, la Fédération des Arts de la rue de la Nouvelle Aquitaine rassemble les professionnels dans leur diversité et forme un collectif de compétences actives et plurielles. La Fédération défend une éthique et des intérêts communs liés à la spécificité de création dans l’espace public.</p>\r\n<p> </p>\r\n<h5>En national</h5>\r\n<p>&gt; <strong>Le Syndicat des cirques et compagnies de création</strong>  qui défend une politique publique en faveur de l’art et de la culture qui, dans le spectacle vivant, s’appuie sur les quatre piliers que ce sont le cirque, la danse, la musique et le théâtre ainsi que les droits des salariés de ces secteurs d\'activité.</p>\r\n<p> </p>\r\n<h3><span style=\"color: #ba372a;\"><strong>Développement Durable</strong></span></h3>\r\n<h5>En local</h5>\r\n<p><span style=\"color: #000000;\">&gt; <strong>Les tiers-lieux du Béarn des Gaves :</strong> La Station, la Fab’rique et l’Épicerie sans fin et Lacaze aux sottises rédigent une charte pour définir des objectifs collectifs, un socle de valeurs et mettre en commun des compétences, des activités et des outils de communication... Une autre façon de coopérer. </span></p>\r\n<p> </p>\r\n<h5>En département</h5>\r\n<p><span style=\"color: #000000;\">&gt; <strong>Le CPIE Béarn -</strong> l’association « Environnement et Développement Durable en Béarn » est un réseau d’associations, œuvrant pour une éducation à l’environnement vers un développement durable de tous les publics. </span></p>\r\n</body>\r\n</html>', NULL, NULL, NULL, NULL, NULL, NULL, NULL),
(506, 108, 'Comment adhérer?', 'COMMENT ADHÉRER ?', NULL, 2, '<!DOCTYPE html>\r\n<html>\r\n<head>\r\n</head>\r\n<body>\r\n<p>Pour les particuliers - à partir de 5€<br />Pour les structures - à partir de 50€</p>\r\n<p>L’adhésion est également l\'occasion de faire un don ouvrant droit à une déduction d\'impôts égale à 66% du don. 100€ donnés = 34€ dépensés.<br />En envoyant un chèque à lʼordre de Lacaze aux sottises à lʼadresse suivante<br />Lacaze aux sottises, 11 route de Lasbordes, 64490 Orion<br />En vous connectant à la plateforme Hello Asso<br />lien internet : Hello asso - Lacaze aux sottises – adhésion</p>\r\n</body>\r\n</html>', NULL, NULL, NULL, NULL, NULL, NULL, NULL),
(507, 113, 'content', 'VOIR', NULL, 2, '<!DOCTYPE html>\r\n<html>\r\n<head>\r\n</head>\r\n<body>\r\n<h3><strong>Sortie de résidence</strong></h3>\r\n<p class=\"Textbody\" style=\"margin-bottom: .0001pt; line-height: normal;\"><span style=\"font-size: 11.0pt; font-family: \'Helvetica\',sans-serif; color: black;\">A l’issue de chaque résidence, nous invitons les compagnies à présenter leur spectacle en cours de création. Les sorties de résidence permettent aux artistes de confronter leur travail aux publics et à ces derniers, de découvrir la démarche de création.</span></p>\r\n<p class=\"Textbody\" style=\"margin-bottom: .0001pt; line-height: normal;\"><span style=\"font-size: 11.0pt; font-family: \'Helvetica\',sans-serif; color: black;\"> </span></p>\r\n<h3><strong>Répétition publique</strong></h3>\r\n<p class=\"Textbody\" style=\"margin-bottom: .0001pt; line-height: normal;\"><span style=\"font-size: 11.0pt; font-family: \'Helvetica\',sans-serif; color: black;\">A l’occasion des accueils en résidence, nous organisons des répétitions publiques, un rendez-vous intimiste avec un groupe de personne, pour découvrir le travail de création, discuter avec les artistes...</span></p>\r\n<p class=\"Textbody\" style=\"margin-bottom: .0001pt; line-height: normal;\"><span style=\"font-size: 11.0pt; font-family: \'Helvetica\',sans-serif; color: black;\"> </span></p>\r\n<h3><strong>Happening</strong></h3>\r\n<p class=\"Textbody\" style=\"margin-bottom: .0001pt; line-height: normal;\"><span style=\"font-size: 11.0pt; font-family: \'Helvetica\',sans-serif; color: black;\">Dans le cadre de résidence in situ, au sein de structures spécialisée ITEP, ESAT, EHPAD, CHP, des rendez-vous, des impromptus, des performances artistiques peuvent s’imaginer afin de susciter la curiosité, créer la surprise, émerveiller, créer une mémoire collective positive, aller à la rencontre de tous,...</span></p>\r\n</body>\r\n</html>', NULL, NULL, NULL, NULL, NULL, NULL, NULL),
(508, 113, 'content', 'DÉCOUVRIR', NULL, 3, '<!DOCTYPE html>\r\n<html>\r\n<head>\r\n</head>\r\n<body>\r\n<h3><strong>Visite de lieux culturels</strong></h3>\r\n<p class=\"Textbody\" style=\"margin-bottom: .0001pt; line-height: normal;\"><span style=\"font-size: 11.0pt; font-family: \'Helvetica\',sans-serif; color: black;\">Afin de découvrir l’envers du décor, des visites de lieux culturels du territoire peuvent être imaginées, notamment des visites techniques pour appréhender le jargon du milieu professionnel du spectacle vivant. Nous proposons notamment la découverte de notre chapiteau !</span></p>\r\n</body>\r\n</html>', NULL, NULL, NULL, NULL, NULL, NULL, NULL),
(509, 113, 'content', 'RENCONTRER, ECHANGER', NULL, 4, '<!DOCTYPE html>\r\n<html>\r\n<head>\r\n</head>\r\n<body>\r\n<h3><strong>Bords de scène</strong></h3>\r\n<p class=\"Textbody\" style=\"margin-bottom: .0001pt; line-height: normal;\"><span style=\"font-size: 11.0pt; font-family: \'Helvetica\',sans-serif; color: black;\">Il s’agit de temps de discussion, après le spectacle, où le public peut poser des questions, faire des remarques et échanger à bâton rompu avec les artistes. Chaque bord de scène est l’occasion de comprendre le message d’un spectacle, mais aussi d’appréhender le travail de création.</span></p>\r\n<p class=\"Textbody\" style=\"margin-bottom: .0001pt; line-height: normal;\"><span style=\"font-size: 11.0pt; font-family: \'Helvetica\',sans-serif; color: black;\"> </span></p>\r\n<h3><strong>Rencontre avec les artistes</strong></h3>\r\n<p class=\"Textbody\" style=\"margin-bottom: .0001pt; line-height: normal;\"><span style=\"font-size: 11.0pt; font-family: \'Helvetica\',sans-serif; color: black;\">A l’occasion des résidences, nous invitons le grand public à venir à la rencontre des artistes lors de discussion dans les librairies, cafés, galeries du territoire,..</span></p>\r\n</body>\r\n</html>', NULL, NULL, NULL, NULL, NULL, NULL, NULL),
(510, 113, 'content', 'FAIRE', NULL, 5, '<!DOCTYPE html>\r\n<html>\r\n<head>\r\n</head>\r\n<body>\r\n<h3><strong>Ateliers de pratique artistique</strong></h3>\r\n<p class=\"Textbody\" style=\"margin-bottom: .0001pt; line-height: normal;\"><span style=\"font-size: 11.0pt; font-family: \'Helvetica\',sans-serif; color: black;\">Nous profitons de la présence d’artistes sur le territoire pour imaginer des ateliers de pratique artistique ponctuels avec un groupe de personne donné.</span></p>\r\n<p class=\"Textbody\" style=\"margin-bottom: .0001pt; line-height: normal;\"><span style=\"font-size: 11.0pt; font-family: \'Helvetica\',sans-serif; color: black;\"> </span></p>\r\n<h3><strong>Les créations collectives</strong></h3>\r\n<p class=\"Textbody\" style=\"margin-bottom: .0001pt; line-height: normal;\"><span style=\"font-size: 11.0pt; font-family: \'Helvetica\',sans-serif; color: black;\">Intégrer des volontaires à la création artistique a déjà été expérimenté lors de la venue de la Cie La Machine en 2018. Cette année un nouveau projet participatif va voir le jour avec la cie L’Homme debout. Celle-ci et Lacaze aux sottises vont proposer au grand public et à des structures spécialisées, des écoles,... de construire des sculptures en osier, sculptures qui seront ensuite exposées dans les 3 grandes villes de notre territoire.</span></p>\r\n</body>\r\n</html>', NULL, NULL, NULL, NULL, NULL, NULL, NULL),
(511, 113, 'content', 'S\'APPROPRIER', NULL, 6, '<!DOCTYPE html>\r\n<html>\r\n<head>\r\n</head>\r\n<body>\r\n<h3><strong>Collectage</strong></h3>\r\n<p class=\"Textbody\" style=\"margin-bottom: .0001pt; line-height: normal;\"><span style=\"font-size: 11.0pt; font-family: \'Helvetica\',sans-serif; color: black;\">Le collectage de parole est une démarche anthropologique sur un territoire donné, il permet de transmettre une mémoire et de prendre une photo à un instant T de façon poétique.</span></p>\r\n<p class=\"Textbody\" style=\"margin-bottom: .0001pt; line-height: normal;\"> </p>\r\n<p class=\"Textbody\" style=\"margin-bottom: .0001pt; line-height: normal;\"><span style=\"font-size: 11.0pt; font-family: \'Helvetica\',sans-serif; color: black;\">Lors de l’accueil de la <strong>Cie Midi à l’Ouest</strong> début juillet des temps de recueil de paroles des habitants du territoire sur la thématique du vivre en Béarn des Gaves seront proposés.</span></p>\r\n<p class=\"Textbody\" style=\"margin-bottom: .0001pt; line-height: normal;\"><span style=\"font-size: 11.0pt; font-family: \'Helvetica\',sans-serif; color: black;\"> </span></p>\r\n<p class=\"Textbody\" style=\"margin-bottom: .0001pt; line-height: normal;\"> </p>\r\n<p class=\"Textbody\" style=\"margin-bottom: .0001pt; line-height: normal;\"><span style=\"font-size: 11.0pt; font-family: \'Helvetica\',sans-serif; color: black;\">Le travail de collectage des Conversations Utopiques commencé l’année dernière sur le festival continuera cette année avec un collectage en amont de notre AG selon le planning ci-dessous. Une 1ère restitution de ce travail sera proposée lors de l’AG.</span></p>\r\n<p class=\"Textbody\" style=\"margin-bottom: .0001pt; line-height: normal;\"> </p>\r\n<p class=\"Textbody\" style=\"margin-bottom: .0001pt; line-height: normal;\"><span style=\"font-size: 11.0pt; font-family: \'Helvetica\',sans-serif; color: black;\">Rendez-vous...</span></p>\r\n<p class=\"Textbody\" style=\"margin-bottom: .0001pt; line-height: normal;\"><span style=\"font-size: 11.0pt; font-family: \'Helvetica\',sans-serif; color: black;\">Mardi 21 avril sur Sauveterre-de-Béarn<br />10h - 12h30 à La Station<br />14h30 - 16h30 au Cheval Blanc<br />17h30 - 19h à L’Epicerie Sans Fin<br /><br />Mercredi 22 avril sur Navarrenx<br />9h-13h sur le marché de Navarrenx<br />15h-18h chez Olivier Photo<br /><br />Jeudi 23 avril sur Salies-de-Béarn<br />9h-13 h sur le marché de Salies-de-Béarn<br />16h-19h au Moment Librairie</span></p>\r\n</body>\r\n</html>', NULL, NULL, NULL, NULL, NULL, NULL, NULL),
(520, 114, 'Bénévolat', 'Appel à bénévole et à hébergeur', NULL, 4, '<!DOCTYPE html>\r\n<html>\r\n<head>\r\n</head>\r\n<body>\r\n<p>Chaque année environ 120 bénévoles participent au festival et aux chantiers en amont de celui-ci. Sans ces forces vives, le festival n’existerait pas ! Rejoignez-nous.</p>\r\n<p>Nous avons également besoin d’aide pour héberger les artistes le temps du festival à Salies-de-Béarn et aux alentours. Si vous avez une chambre de libre et que vous adorez le festival, n’hésitez plus… c’est un soutien précieux !</p>\r\n</body>\r\n</html>', NULL, NULL, NULL, NULL, NULL, NULL, NULL),
(521, 122, 'lieu de réunion', 'Lieu de réunion et d’activités à investir', NULL, 3, '<!DOCTYPE html>\r\n<html>\r\n<head>\r\n</head>\r\n<body>\r\n<p class=\"Textbody\" style=\"margin-bottom: .0001pt; text-align: justify;\"><span style=\"font-size: 11.0pt; line-height: 115%; font-family: \'Helvetica\',sans-serif;\">Investissez notre lieu de vie fraîchement rénové, une salle d\'environ 60 m² équipée d’un vidéoprojecteur, d’une cuisine, de comptoir,.. pour y organiser une réunion, des activités, le temps d’une demie journée, d’une journée.</span></p>\r\n</body>\r\n</html>', '2020-03-02 14:57:49', 'web.18.bar.asso.1.jpg', 'web.18.bar.asso.1.jpg', 'image/jpeg', 497188, NULL, 'lieu de réunion de l\'association'),
(522, 122, 'privatisation', 'Maison LAcaze dans son entièreté à privatiser', NULL, 4, '<!DOCTYPE html>\r\n<html>\r\n<head>\r\n</head>\r\n<body>\r\n<p class=\"Textbody\" style=\"margin-bottom: .0001pt; text-align: justify;\"><span style=\"font-size: 11.0pt; line-height: 115%; font-family: \'Helvetica\',sans-serif;\">Profitez de notre magnifique cadre pour vous mettre au vert en louant notre lieu dans son entièreté pour y organiser votre événement, votre stage, votre séjour vacances, le temps d’une journée, d’une semaine, en profitant de nos infrastructures - possibilité d’hébergement - en dur ou sous tente et de nos activités.</span></p>\r\n</body>\r\n</html>', '2020-03-02 14:58:06', 'web.19.vue.globale.maison.jpg', 'web.19.vue.globale.maison.jpg', 'image/jpeg', 412426, NULL, 'Maison lacaze'),
(523, 122, 'centre de documentation', 'Centre de documentation à explorer', NULL, 5, '<!DOCTYPE html>\r\n<html>\r\n<head>\r\n</head>\r\n<body>\r\n<p class=\"Textbody\" style=\"text-align: justify;\"><span style=\"font-size: 11.0pt; line-height: 115%; font-family: \'Helvetica\',sans-serif; color: black;\">Dans un espace détente, sont mis à votre disposition des revues spécialisées, des livres, des dvd, des jeux,... autour des thématiques expérimentées sur le Tiers Lieu : spectacle vivant, développement durable, éducation à la citoyenneté et à la solidarité internationale...</span></p>\r\n</body>\r\n</html>', '2020-03-02 14:58:33', 'web.20..centre.ressrouces..jpg', 'web.20..centre.ressrouces..jpg', 'image/jpeg', 367152, NULL, 'bibliotheque'),
(524, 122, 'bricothèque', 'Bricothèque à exploiter', NULL, 6, '<!DOCTYPE html>\r\n<html>\r\n<head>\r\n</head>\r\n<body>\r\n<p class=\"Textbody\" style=\"margin-bottom: .0001pt; text-align: justify;\"><span style=\"font-size: 11.0pt; line-height: 115%; font-family: \'Helvetica\',sans-serif;\">Espace ouvert à tous, bricoleur du dimanche, constructeur plus expérimenté, professionnel, recycleur d\'objets et autres dynamiques constructives pour favoriser le Do It Yourself et une mise en commun d\'outils et de compétences.</span></p>\r\n</body>\r\n</html>', '2020-03-02 14:58:59', 'web.21.bricotheque rangé .jpg', 'web.21.bricotheque rangé .jpg', 'image/jpeg', 489302, NULL, 'atelier de bricolage'),
(525, 122, 'éco-lieu', 'Eco lieu à découvrir', NULL, 7, '<!DOCTYPE html>\r\n<html>\r\n<head>\r\n</head>\r\n<body>\r\n<p>Tel un support pédagogique, le Tiers Lieu propose de découvrir d’autres façons de produire et de consommer en respectant l’Homme et l’Environnement à travers des réflexions autour de l’éco-construction, l’agro-écologie, la production d’énergie verte, la gestion de l’eau et des déchets en pratique éco responsable... L’idée est d’inviter les publics à visiter, expérimenter et essaimer ces alternatives notamment les bénéficiaires de structures spécialisées, de structures scolaires ou encore de loisirs.</p>\r\n<p>Venez alors découvrir le lieu et ses expérimentations au travers :</p>\r\n<ul>\r\n<li>de visites ludiques, de visites naturalistes sur le site et aux alentours</li>\r\n<li>d\'ateliers découverte - ateliers pratiques (cuisine, jardin, bricolage) ; animations sensorielles (balade autour des 5 sens) ; expériences scientifiques (observation d’insectes) ; ateliers créatifs (land ‘art, mandala végétal)</li>\r\n<li>d\'ateliers participatifs pour ceux qui veulent mettre la main à la pâte !</li>\r\n</ul>\r\n</body>\r\n</html>', '2020-03-02 14:59:18', 'web.22.jardin.avec.ecole.orion.jpg', 'web.22.jardin.avec.ecole.orion.jpg', 'image/jpeg', 482247, NULL, 'serre de l\'association'),
(526, 122, 'location matériel', 'Parc de matériel à louer', NULL, 8, '<!DOCTYPE html>\r\n<html>\r\n<head>\r\n</head>\r\n<body>\r\n<p class=\"Textbody\" style=\"margin-bottom: .0001pt; text-align: justify;\"><u><span style=\"font-size: 11.0pt; line-height: 115%; font-family: \'Helvetica\',sans-serif;\">Structures</span></u><span style=\"font-size: 11.0pt; line-height: 115%; font-family: \'Helvetica\',sans-serif;\"> - différentes structures pour l’organisation de vos évènements, gradins - fabrication possible sur commande, planchers, Protent, caravane bar, comptoirs de bar, braséros, toilettes sèches,...</span></p>\r\n<p class=\"Textbody\" style=\"margin-bottom: .0001pt; text-align: justify;\"><u><span style=\"font-size: 11.0pt; line-height: 115%; font-family: \'Helvetica\',sans-serif;\">Chapiteau</span></u><span style=\"font-size: 11.0pt; line-height: 115%; font-family: \'Helvetica\',sans-serif;\"> - véritable théâtre ambulant à taille humaine, le chapiteau peut accueillir jusqu’à 600 personnes. Chapiteau rouge, 16 mètres de diamètre, 2 mâts, 1 coupole, montage - 1 journée, démontage - 1 journée, avec 2 monteurs professionnels et 6 bénévoles.</span></p>\r\n<p class=\"Textbody\" style=\"margin-bottom: .0001pt; text-align: justify;\"><u><span style=\"font-size: 11.0pt; line-height: 115%; font-family: \'Helvetica\',sans-serif;\">Sonorisation</span></u><span style=\"font-size: 11.0pt; line-height: 115%; font-family: \'Helvetica\',sans-serif;\"> - parc de matériel permettant de sonoriser vos événements. De la simple conférence au concert de taille moyenne, système de diffusion, table mixage numérique et analogique, micro, DI...</span></p>\r\n<p class=\"Textbody\" style=\"margin-bottom: .0001pt; text-align: justify;\"><u><span style=\"font-size: 11.0pt; line-height: 115%; font-family: \'Helvetica\',sans-serif;\">Éclairage</span></u><span style=\"font-size: 11.0pt; line-height: 115%; font-family: \'Helvetica\',sans-serif;\"> - de l’éclairage de spectacle professionnel, à la guirlande guinguette en passant par la boule à facette,...</span></p>\r\n</body>\r\n</html>', '2020-03-02 14:59:40', 'web.23.stockage.chapiteau.1.jpg', 'web.23.stockage.chapiteau.1.jpg', 'image/jpeg', 493934, NULL, 'matériel à louer'),
(527, 123, 'visit', NULL, NULL, 3, '<!DOCTYPE html>\r\n<html>\r\n<head>\r\n</head>\r\n<body>\r\n<p>Etant dans une démarche respectueuse de l’environnement : nous proposons des solutions innovantes au sein de notre tiers lieu pensé tel un éco lieu. Venez découvrir nos alternatives !</p>\r\n<h4>Visite ludique de la Maison LAcaze</h4>\r\n<p>La découverte de la Maison LAcaze peut se faire sur rdv tout au long de l’année, soit en autonomie soit en guidée. Renseignement et prise de rendez-vous recommandés pour les individus et les écoles, structures de loisirs, structures spécialisées (ITEP, EPHAD, ESAT,...).</p>\r\n<h4>2 week-ends - 2 jardins</h4>\r\n<p>La Maison LAcaze et Le Château d’Orion<br />10h - 12h30 / 14h – 18h<br />Possibilité de pique-niquer le midi<br /><strong><br /></strong>Les Rendez-vous aux jardins en 2020<br />Samedi 6 et Dimanche 7 Juin 2020<br /><br />Bienvenue dans mon jardin au naturel<br />Samedi 13 et Dimanche 14 Juin 2020</p>\r\n<h5>Zoom sur</h5>\r\n<p>A la Maison LAcaze… Rallye découverte du Tiers Lieu les 6 et 13 juin à 15h - 1h30 - prix libre - tout public</p>\r\n</body>\r\n</html>', '2020-03-02 15:00:56', 'web.31.mediation.phyto.epuration.1.jpg', 'web.31.mediation.phyto.epuration.1.jpg', 'image/jpeg', 387905, NULL, 'mare'),
(528, 124, 'punctual', 'Stage clown', 'Maison LAcaze d’Orion', 6, '<!DOCTYPE html>\r\n<html>\r\n<head>\r\n</head>\r\n<body>\r\n<p class=\"Standard\"><span style=\"font-size: 11.0pt; font-family: \'Helvetica\',sans-serif;\">Du 29 octobre au 1<sup>er</sup> novembre - de 10h à 17h + 18 ans</span><br /><br /><span style=\"font-size: 11.0pt; font-family: \'Helvetica\',sans-serif;\">Hébergement possible sur place</span><br /><span style=\"font-size: 11.0pt; font-family: \'Helvetica\',sans-serif;\">160 euros les 4 jours</span><br /><span style=\"font-size: 11.0pt; font-family: \'Helvetica\',sans-serif;\">Attention nombre de places limitées, inscrivez-vous dès maintenant !</span><br /><br /><span style=\"font-size: 11.0pt; font-family: \'Helvetica\',sans-serif;\">Le corps, la voix, l’espace, le mouvement, l’écoute, le silence, le geste, l’imaginaire, moi et les autres. Le clown, c’est une autre esthétique, une autre forme artistique pour découvrir le théâtre classique. Le clown, c’est l’humanité et la liberté à l’état brut !</span></p>\r\n</body>\r\n</html>', '2020-03-02 15:02:07', 'web.36.rippley.jpg', 'web.36.rippley.jpg', 'image/jpeg', 455265, NULL, 'Bocal plein de nez rouges'),
(529, 124, 'do it', 'Atelier soins naturels au potager', 'Médiathèque d\'Orthez', 8, '<!DOCTYPE html>\r\n<html>\r\n<head>\r\n</head>\r\n<body>\r\n<p class=\"Standard\"><span style=\"font-size: 11.0pt; font-family: \'Helvetica\',sans-serif;\">15 février de 10h à 13h</span><br /><br /><span style=\"font-size: 11.0pt; font-family: \'Helvetica\',sans-serif;\">Pour jardiniers amateurs,</span> <span style=\"font-size: 11.0pt; font-family: \'Helvetica\',sans-serif; color: black;\">+ 18 ans</span><br /><span style=\"font-size: 11.0pt; font-family: \'Helvetica\',sans-serif;\">Accès libre</span><br /><span style=\"font-size: 11.0pt; font-family: \'Helvetica\',sans-serif;\">Résa - Médiathèque d\'Orthez -</span> <span style=\"font-size: 11.0pt; font-family: \'Helvetica\',sans-serif;\">05 59 69 36 68</span><br /><br /><span style=\"font-size: 11.0pt; font-family: \'Helvetica\',sans-serif;\">Tout est dans la nature ! Dans cet atelier, découvrez des trucs et astuces naturels pour le soin de votre jardin. Purins, huiles essentielles, aromathérapie et autres curiosités vous aideront à chouchouter vos plantations. Apprenez à reconnaître et à traiter les petites affections de votre potager !</span></p>\r\n</body>\r\n</html>', '2020-03-02 15:02:54', 'web.37.purin.jpg', 'web.37.purin.jpg', 'image/jpeg', 257635, NULL, 'panier et seau remplies d\'herbe'),
(530, 124, 'do it', 'Découverte du pain au levain', 'Maison LAcaze d\'Orion', 9, '<!DOCTYPE html>\r\n<html>\r\n<head>\r\n</head>\r\n<body>\r\n<p>21 mars de 14h à 18h</p>\r\n<p>4 € + 6 ans avec adulte / adhérent<br />6 € + de 16 ans  <br />Venez avec votre tablier ou vêtement de rechange.<br />Résa - CPIE - <a href=\"mailto:cpiebearn@cpiebearn.fr\">cpiebearn@cpiebearn.fr</a> - 05 59 36 28 98<br /><br />Pétrir, façonner et cuire au feu de bois du pain au levain naturel... tel est l\'objectif de cette journée conviviale autour de la boulangerie artisanale ! Entre l\'explication des différentes étapes de fabrication du blé et de la farine et la mise en pratique de la panification au levain naturel, Etienne vous propose de venir mettre la main à la pâte pour découvrir ou approfondir la pratique de la boulange. Chacun dégustera et repartira avec son pain.</p>\r\n</body>\r\n</html>', '2020-03-02 15:03:11', 'web.38.lieu.activité.atelier.1.jpg', 'web.38.lieu.activité.atelier.1.jpg', 'image/jpeg', 207434, NULL, 'personnes faisant du pain'),
(531, 124, 'do it', 'Atelier cosmétique naturelle', 'Médiathèque de Mourenx', 10, '<!DOCTYPE html>\r\n<html>\r\n<head>\r\n</head>\r\n<body>\r\n<p>16 mai de 10h à 13h + 6 ans avec adulte, + 12 ans<br /><br />Accès libre<br />Ramenez votre p’tit pot<br />Résa - Médiathèque de Mourenx - 05 59 80 58 80</p>\r\n<p>Venez fabriquer vos propres produits cosmétiques respectueux de l\'environnement tout en respectant votre budget ! Michèle, médecin, saura vous alerter sur les modes d’administration, les propriétés et les précautions d’emploi des différentes plantes et huiles. A l\'issue de cet atelier, vous repartirez muni de vos préparations et d\'un document \"mini-recettes et conseils\".</p>\r\n</body>\r\n</html>', '2020-03-02 15:03:33', 'web.39.comestique 1.jpg', 'web.39.comestique 1.jpg', 'image/jpeg', 171934, NULL, 'produits cosmétiques'),
(532, 124, 'do it', 'Atelier de produits ménagers au naturel', 'Maison LAcaze d\'Orion', 11, '<!DOCTYPE html>\r\n<html>\r\n<head>\r\n</head>\r\n<body>\r\n<p>19 septembre de 15h à 18h, + 6 ans avec adulte, + 12 ans<br /><br />Prix libre à partir de 6 €<br />Ramenez votre p’tit pot<br />Résa - CPIE - cpiebearn@cpiebearn.fr - 05 59 36 28 98<br /><br />De la lessive, du liquide vaisselle, une éponge zéro déchet ou un warp à la cire d\'abeille… Venez fabriquer divers produits ménagers respectueux de l\'environnement, une alternative à ceux vendus en commerce. Michèle, médecin, saura vous accompagner dans la confection de ces produits et24 sur l\'utilisation des huiles essentielles dans les produits ménagers. Chacun repartira avec sa préparation.</p>\r\n</body>\r\n</html>', '2020-03-02 15:03:49', 'web.40produit-menager-naturel-sain.jpg', 'web.40produit-menager-naturel-sain.jpg', 'image/jpeg', 125834, NULL, 'produits ménagers'),
(533, 124, 'do it', 'Atelier couture', 'Maison LAcaze d\'Orion', 12, '<!DOCTYPE html>\r\n<html>\r\n<head>\r\n</head>\r\n<body>\r\n<p>24 octobre de 10h à 18h + 12 ans<br /><br />Prix libre à partir de 12 €<br />Venez muni de tissus à recycler et d\'une machine à coudre si possible<br /><br />Venez fabriquer des accessoires et des habits en réutilisant des tissus voués à la poubelle. Caroline vous accompagnera sur cette alternative aux achats vestimentaires peu éthiques. Chacun repartira avec sa création.</p>\r\n</body>\r\n</html>', '2020-03-02 15:04:07', 'web.41.couture.jpg', 'web.41.couture.jpg', 'image/jpeg', 205666, NULL, 'ustensiles de couture'),
(534, 124, 'do it', 'Atelier cosmétique naturelle', 'Maison LAcaze d\'Orion', 13, '<!DOCTYPE html>\r\n<html>\r\n<head>\r\n</head>\r\n<body>\r\n<p>7 novembre de 15h à 18h<br /><br />+ 6 ans avec adulte + 12 ans<br />Prix libre à partir de 6 €<br />Ramenez votre p’tit pot<br /><br />Venez fabriquer vos propres produits cosmétiques respectueux de l\'environnement tout en respectant votre budget ! Michèle, médecin, saura vous alerter sur les modes d’administration, les propriétés et les précautions d’emploi des différentes plantes et huiles. A l\'issu de cet atelier, vous pourrez repartir muni de vos préparations et d\'un document \"mini-recettes et conseils\".</p>\r\n</body>\r\n</html>', '2020-03-02 15:04:42', 'web.42.produits-entretien-naturels_shutterstock_1230472243.jpg', 'web.42.produits-entretien-naturels_shutterstock_1230472243.jpg', 'image/jpeg', 116484, NULL, 'produits entretien'),
(535, 127, 'soutient', 'Comment nous soutenir ?', NULL, 3, '<!DOCTYPE html>\r\n<html>\r\n<head>\r\n</head>\r\n<body>\r\n<h4>Être donateur – Mécène</h4>\r\n<p>Auto-financée à 50%, Lacaze aux sottises a besoin du soutien de son territoire pour mener à bien son projet associatif. Ainsi, nous lançons auprès des particuliers et des entreprises un appel aux dons via une campagne de mécénat, afin de donner une couleur locale, festive et solidaire à vos impôts !</p>\r\n<h4>Don-Mécénat</h4>\r\n<p>Le mécénat ouvre le droit à une réduction d’impôts égale à 66 % du don pour les particuliers et à 60 % pour les entreprises. Exemple pour les particuliers : 100 € donnés = 34 € dépensés.</p>\r\n<h4>Comment faire ?</h4>\r\n<p>Envoyez un chèque accompagné de l’ensemble de vos coordonnées au 11 route de Lasbordes - 64390 Orion ou effectuez un virement – RIB fourni sur demande. Un reçu fiscal permettant la déduction de vos impôts vous sera transmis dès réception.<br />Pour plus de renseignements, contactez-nous à lacazeauxsottises@gmail.com ou au 05 59 38 68 71.</p>\r\n</body>\r\n</html>', NULL, NULL, NULL, NULL, NULL, NULL, NULL),
(536, 126, 'être bénévole', 'Sur les chantiers', NULL, 3, '<!DOCTYPE html>\r\n<html>\r\n<head>\r\n</head>\r\n<body>\r\n<p class=\"Standard\" style=\"text-align: justify;\"><span style=\"font-size: 11.0pt; font-family: \'Helvetica\',sans-serif; color: black;\">Pour les personnes désireuses de mettre la main à la pâte, Lacaze aux sottises propose un chantier participatif par mois. Bricoler, peindre, jardiner, cuisiner, faire des sirops, des conserves,... tout en expérimentant et en apprenant les uns des autres. Aucune compétence n\'est requise juste l\'envie de partager. Nous y fabriquons des éléments pour nos différentes manifestations ou encore nous œuvrons à l’aménagement de notre tiers lieu.</span></p>\r\n<p class=\"Textbody\" style=\"margin-bottom: .0001pt; line-height: normal;\"><span style=\"font-size: 11.0pt; font-family: \'Helvetica\',sans-serif; color: black;\">Sur un week-end, de 9h30 à 18h, parfois agrémentés d\'une formation, toujours ponctués d\'une soirée conviviale, les chantiers à la Maison LAcaze sont à chaque fois de bons moments !</span></p>\r\n<p class=\"Textbody\" style=\"margin-bottom: .0001pt; line-height: normal;\"><span style=\"font-size: 11.0pt; font-family: \'Helvetica\',sans-serif; color: black;\">Possibilité de dormir sur place - sur inscription. Repas offert.</span></p>\r\n<p class=\"Textbody\" style=\"margin-bottom: .0001pt; text-align: justify;\"><span style=\"font-size: 11.0pt; line-height: 115%; font-family: \'Helvetica\',sans-serif; color: black;\">Les 7 et 8 mars</span><br /><span style=\"font-size: 11.0pt; line-height: 115%; font-family: \'Helvetica\',sans-serif; color: black;\">Les 25 et 26 avril</span><br /><span style=\"font-size: 11.0pt; line-height: 115%; font-family: \'Helvetica\',sans-serif; color: black;\">Les 16 et 17 mai</span><br /><span style=\"font-size: 11.0pt; line-height: 115%; font-family: \'Helvetica\',sans-serif; color: black;\">Les 13 et 14 juin</span><br /><span style=\"font-size: 11.0pt; line-height: 115%; font-family: \'Helvetica\',sans-serif; color: black;\">Les 18 et 19 juillet</span><br /><span style=\"font-size: 11.0pt; line-height: 115%; font-family: \'Helvetica\',sans-serif; color: black;\">Les 19 et 20 septembre</span><br /><span style=\"font-size: 11.0pt; line-height: 115%; font-family: \'Helvetica\',sans-serif; color: black;\">Les 24 et 25 octobre</span><br /><span style=\"font-size: 11.0pt; line-height: 115%; font-family: \'Helvetica\',sans-serif; color: black;\">Les 7 et 8 novembre</span></p>\r\n</body>\r\n</html>', '2020-02-28 10:40:58', 'photo.44.lieu.activité.chantier.repas.6.JPG', 'photo.44.lieu.activité.chantier.repas.6.JPG', 'image/jpeg', 3843272, NULL, 'repas après un chantier'),
(537, 126, 'être bénévole', 'Formation bénévole', NULL, 4, '<!DOCTYPE html>\r\n<html>\r\n<head>\r\n</head>\r\n<body>\r\n<p class=\"Textbody\" style=\"margin-bottom: .0001pt; text-align: justify;\"><span style=\"font-size: 11.0pt; line-height: 115%; font-family: \'Helvetica\',sans-serif; color: black;\">Formation bois</span></p>\r\n<p class=\"Textbody\" style=\"margin-bottom: .0001pt; text-align: justify;\"><span style=\"font-size: 11.0pt; line-height: 115%; font-family: \'Helvetica\',sans-serif; color: black;\">Les 16 et 17 mai</span><br /><span style=\"font-size: 11.0pt; line-height: 115%; font-family: \'Helvetica\\, sans-serif\'; color: black;\">+ 12 ans avec adulte, + 18 ans</span><br /><br /><span style=\"font-size: 11.0pt; line-height: 115%; font-family: \'Helvetica\',sans-serif; color: black;\">Jeu de découpe, de conception... venez découvrir l’utilisation des machines de base du travail du bois tout en fabriquant des jeux en bois en matériaux recyclés.</span></p>\r\n<p class=\"Textbody\" style=\"margin-bottom: .0001pt; text-align: justify;\"><span style=\"font-size: 11.0pt; line-height: 115%; font-family: \'Helvetica\',sans-serif; color: black;\">Formation soudure</span></p>\r\n<p class=\"Textbody\" style=\"margin-bottom: .0001pt; text-align: justify;\"><span style=\"font-size: 11.0pt; line-height: 115%; font-family: \'Helvetica\',sans-serif; color: black;\">Les 24 et 25 octobre</span><br /><span style=\"font-size: 11.0pt; line-height: 115%; font-family: \'Helvetica\\, sans-serif\'; color: black;\">+ 18 ans</span><br /><span style=\"font-size: 11.0pt; line-height: 115%; font-family: \'Helvetica\\, sans-serif\'; color: black;\">Apportez de la ferraille, et si vous avez, venez avec votre équipement.</span><br /><br /><span style=\"font-size: 11.0pt; font-family: \'Helvetica\',sans-serif; color: black;\">Souder, assembler, imaginer... Bricolages ludiques et présentation du fonctionnement du poste à souder sont au menu de cet atelier destiné aux curieux âgés de plus de 18 ans. Pour l\'occasion Paul se transforme en véritable maître des techniques de soudure.</span></p>\r\n</body>\r\n</html>', NULL, NULL, NULL, NULL, NULL, NULL, NULL),
(538, 130, 'lacaze recrute', 'Lacaze aux sottises recrute...', NULL, 1, '<!DOCTYPE html>\r\n<html>\r\n<head>\r\n</head>\r\n<body>\r\n<p>A partir de mi-février 2020, Lacaze aux sottises recrute 3 volontaires en service civique</p>\r\n<ul>\r\n<li>Vie associative autour de l\'éco-lieu, 26h/semaine durant 10 mois</li>\r\n<li>Vie associative autour de l\'accueil des compagnies, 26h/semaine durant 10 mois</li>\r\n<li>Vie associative autour de l\'accompagnement du bénévolat, 26h/semaine durant 10 mois</li>\r\n</ul>\r\n</body>\r\n</html>', '2020-03-02 11:43:33', NULL, NULL, NULL, NULL, NULL, NULL),
(539, 130, 'candidature off festival', 'Appel à candidature pour le off du festival...', NULL, 2, '<!DOCTYPE html>\r\n<html>\r\n<head>\r\n</head>\r\n<body>\r\n<p>Pour le off du festival Fête des sottises !, nous vous invitons à remplir le formulaire accessible ci-dessous et à nous le retourner par mail à <a href=\"mailto:lacazeauxsottises@gmail.com\">lacazeauxsottises@gmail.com</a></p>\r\n<p>La sélection sera réalisée le 7 mars</p>\r\n</body>\r\n</html>', '2020-03-02 11:28:17', 'Formulaire candidature off 2020.pdf', 'Formulaire candidature off 2020.pdf', 'application/pdf', 52707, NULL, NULL),
(540, 130, 'Appel à résidence 2021', 'Appel à résidence pour 2021...', NULL, 3, '<!DOCTYPE html>\r\n<html>\r\n<head>\r\n</head>\r\n<body>\r\n<p>Pour les demandes de résidence de création, nous vous invitons à remplir le formulaire accessible ci-dessous et à nous le retourner par mail à <a href=\"mailto:lacazeauxsottises@gmail.com\">lacazeauxsottises@gmail.com</a></p>\r\n<p>Les résidences pour 2020 sont closes</p>\r\n</body>\r\n</html>', '2020-03-02 11:46:14', 'formulaire residence artiste 2020.pdf', 'formulaire residence artiste 2020.pdf', 'application/pdf', 75258, NULL, NULL),
(541, 130, 'Adhésion 2020', 'Adhésion 2020...', NULL, 4, '<!DOCTYPE html>\r\n<html>\r\n<head>\r\n</head>\r\n<body>\r\n<p>Pour adhérer à Lacaze aux sottises, on vous guide, c\'est par <a href=\"hello%20asso\">ici</a>...</p>\r\n<p>Particulier - Prix libre à partir de 5 euros <br />Structure - Prix libre à partir de 50 euros</p>\r\n</body>\r\n</html>', NULL, NULL, NULL, NULL, NULL, NULL, NULL);

-- --------------------------------------------------------

--
-- Structure de la table `team`
--

DROP TABLE IF EXISTS `team`;
CREATE TABLE IF NOT EXISTS `team` (
  `id` int(11) NOT NULL AUTO_INCREMENT,
  `name` varchar(255) COLLATE utf8mb4_unicode_ci NOT NULL,
  `first_name` varchar(255) COLLATE utf8mb4_unicode_ci NOT NULL,
  `role` varchar(255) COLLATE utf8mb4_unicode_ci NOT NULL,
  `email` varchar(255) COLLATE utf8mb4_unicode_ci DEFAULT NULL,
  `updated_at` datetime DEFAULT NULL,
  `photo_name` varchar(255) COLLATE utf8mb4_unicode_ci DEFAULT NULL,
  `photo_original_name` varchar(255) COLLATE utf8mb4_unicode_ci DEFAULT NULL,
  `photo_mime_type` varchar(255) COLLATE utf8mb4_unicode_ci DEFAULT NULL,
  `photo_size` int(11) DEFAULT NULL,
  `photo_dimensions` longtext COLLATE utf8mb4_unicode_ci COMMENT '(DC2Type:simple_array)',
  PRIMARY KEY (`id`)
) ENGINE=InnoDB AUTO_INCREMENT=75 DEFAULT CHARSET=utf8mb4 COLLATE=utf8mb4_unicode_ci;

--
-- Déchargement des données de la table `team`
--

INSERT INTO `team` (`id`, `name`, `first_name`, `role`, `email`, `updated_at`, `photo_name`, `photo_original_name`, `photo_mime_type`, `photo_size`, `photo_dimensions`) VALUES
(74, 'Fabre', 'Denise', 'pro', 'nchauveau@bouygtel.fr', NULL, NULL, NULL, NULL, NULL, NULL);

-- --------------------------------------------------------

--
-- Structure de la table `user`
--

DROP TABLE IF EXISTS `user`;
CREATE TABLE IF NOT EXISTS `user` (
  `id` int(11) NOT NULL AUTO_INCREMENT,
  `username` varchar(180) COLLATE utf8mb4_unicode_ci NOT NULL,
  `roles` json NOT NULL,
  `password` varchar(255) COLLATE utf8mb4_unicode_ci NOT NULL,
  PRIMARY KEY (`id`),
  UNIQUE KEY `UNIQ_8D93D649F85E0677` (`username`)
) ENGINE=InnoDB AUTO_INCREMENT=6 DEFAULT CHARSET=utf8mb4 COLLATE=utf8mb4_unicode_ci;

--
-- Déchargement des données de la table `user`
--

INSERT INTO `user` (`id`, `username`, `roles`, `password`) VALUES
(2, 'test', '[\"ROLE_ADMIN\"]', '$argon2id$v=19$m=65536,t=4,p=1$MnRlREw4SXVzT0FQdjlGLg$AT6/9pVyAmvjfQJQU/2Kf4N00HJsCxyNx9TN3X9rUsw'),
(5, 'press_user', '[]', '$argon2id$v=19$m=65536,t=4,p=1$ZkdUTUM1S0I2dTFOdlFrcg$JjJol8j0cimRGa8JZ6RttgTzotVF0bTd6SJA9isGH30');

--
-- Contraintes pour les tables déchargées
--

--
-- Contraintes pour la table `front_page`
--
ALTER TABLE `front_page`
  ADD CONSTRAINT `FK_2CDA0C4C8D0C9323` FOREIGN KEY (`tab_id`) REFERENCES `front_tab` (`id`);

--
-- Contraintes pour la table `performance`
--
ALTER TABLE `performance`
  ADD CONSTRAINT `FK_82D7968151458601` FOREIGN KEY (`company_id`) REFERENCES `company` (`id`),
  ADD CONSTRAINT `FK_82D7968171F7E88B` FOREIGN KEY (`event_id`) REFERENCES `event` (`id`);
COMMIT;

/*!40101 SET CHARACTER_SET_CLIENT=@OLD_CHARACTER_SET_CLIENT */;
/*!40101 SET CHARACTER_SET_RESULTS=@OLD_CHARACTER_SET_RESULTS */;
/*!40101 SET COLLATION_CONNECTION=@OLD_COLLATION_CONNECTION */;
